f_name,l_name,gender,area_code,phone,city,state,zip,marital_status,has_child,salary,rate,single_exemp,married_exemp,child_exemp
Sherif,Zapatrin,F,307,697-7850,POINT OF ROCKS,WY,82942,M,Y,85000,0,0,0,0
Camil,Juuso,M,862,846-2635,HOPEWELL,NJ,8525,S,Y,45000,1.7942708,1000,0,1500
Giap,Saraswat,F,618,791-8201,OHIO,IL,61349,S,N,85000,3,2000,0,0
Vaibhav,Hikichi,M,478,422-1076,ATLANTA,GA,30313,S,Y,70000,6,2700,0,3000
Mysore,Lalanda,F,706,416-6496,CHICKAMAUGA,GA,30707,M,Y,10000,6,0,5400,3000
Joffroy,Tickle,M,662,679-4490,BELMONT,MS,38827,M,Y,25000,5,0,12000,1500
Jaeheon,Chrzastowski,F,920,355-7711,EAU GALLE,WI,54737,S,Y,40000,5.1414094,700,0,400
Paicheng,Villoldo,F,878,510-2886,STRATTANVILLE,PA,16258,S,Y,65000,3.07,0,0,0
Chutimet,Witschorik,F,931,857-1855,KNOXVILLE,TN,37901,M,N,45000,0,0,0,0
Madhur,Ivanova,M,828,862-1042,BAILEY,NC,27807,S,N,30000,6.361888,3300,0,0
Conrad,Forcheri,M,320,655-6316,IVANHOE,MN,56142,S,Y,5000,5.35,3300,0,3300
Sourav,Ferenczi,M,734,838-4058,CHANNING,MI,49815,M,Y,85000,3.9,0,6200,3100
Mashes,Winsborough,F,402,529-5030,CEDAR CREEK,NE,68016,S,N,5000,3.0217428,103,0,0
Yanxiang,Bressoud,M,308,445-2127,WAUNETA,NE,69045,S,N,55000,6.84,103,0,0
Javan,Bressoud,F,435,868-5332,PLYMOUTH,UT,84330,S,N,40000,7,2475,0,0
Nivio,Costilla,F,276,107-8895,BLACKSBURG,VA,24063,M,N,35000,5.75,0,1800,0
Viktors,Chabrier,M,731,249-8022,WHITESBURG,TN,37891,M,N,25000,0,0,0,0
Mingshien,Isaac,F,856,288-5866,WHITEHOUSE,NJ,8888,S,N,100000,2.6616669,1000,0,0
Yakkov,Hebert,M,651,461-3775,KERRICK,MN,55756,S,Y,5000,5.35,3300,0,3300
Zhenyi,Poletto,F,229,919-8317,ATLANTA,GA,30353,M,Y,70000,6,0,5400,3000
Annabelle,Bolzoni,F,815,284-3976,HAVANA,IL,62644,M,N,40000,3,0,4000,0
Angela,Litecky,M,205,488-9200,IRVINGTON,AL,36544,M,Y,25000,5,0,3000,300
Yizhi,Strandh,M,218,368-7133,GRAND RAPIDS,MN,55744,S,N,50000,6.9236393,3300,0,0
Wenyi,Longobardi,F,479,716-2570,DERMOTT,AR,71638,S,Y,35000,7,20,0,20
Philipp,Wohn,M,405,572-4142,TUSKAHOMA,OK,74574,M,N,80000,6.25,0,2000,0
Martti,Protasov,M,304,619-9507,SAND FORK,WV,26430,S,N,20000,3.7,2000,0,0
Jinhwan,Reutenauer,M,260,816-5669,SPICELAND,IN,47385,M,N,30000,3.4,0,2000,0
Armen,Strasen,M,801,626-1026,NEW HARMONY,UT,84757,S,Y,90000,7,2475,0,2475
Juhana,Skeel,F,603,754-8486,BERLIN,NH,3570,M,N,20000,0,0,0,0
Mooi,Sybre,M,307,396-2802,MOOSE,WY,83012,M,N,10000,0,0,0,0
Keizo,Masden,M,702,634-7508,RENO,NV,89570,M,Y,15000,0,0,0,0
Pushpa,Kneisl,M,769,786-3441,GUNTOWN,MS,38849,S,Y,60000,5,6000,0,1500
Hiraku,Giandonato,M,910,492-5349,FAYETTEVILLE,NC,28304,M,Y,50000,6.7814684,0,6600,3300
Zissis,Schend,F,404,124-4106,EASTMAN,GA,31023,M,Y,5000,4.4,0,5400,3000
Margit,Scheifler,M,401,345-1844,CAROLINA,RI,2812,S,Y,100000,0,0,0,0
Marijke,Ang,M,808,903-6520,OOKALA,HI,96774,S,Y,35000,7.3486843,1040,0,1040
Saul,Konchady,M,234,255-4418,LOUISVILLE,OH,44641,M,Y,20000,1.2099231,0,2600,1300
Concepcion,Siegrist,F,714,284-6379,SAN DIEGO,CA,92164,M,Y,95000,9.3,0,174,272
Liujian,Hepplewhite,M,732,411-3556,ALPINE,NJ,7620,S,Y,40000,1.7154167,1000,0,1500
Zahava,Senator,F,603,935-7527,LITCHFIELD,NH,3052,M,N,45000,0,0,0,0
Toralf,Quinqueton,F,307,149-6437,LUSK,WY,82225,M,Y,5000,0,0,0,0
Apostolos,Barachini,M,503,769-5020,GRANTS PASS,OR,97528,M,N,25000,9,0,318,0
Kwun,Reddy,F,813,888-5001,PALM BAY,FL,32905,M,Y,35000,0,0,0,0
Ishfaq,Kadin,M,801,102-3053,LEHI,UT,84043,S,N,55000,7,2475,0,0
Iliano,Cusack,M,307,627-3172,RAWLINS,WY,82301,S,N,10000,0,0,0,0
Alicia,Ishii,M,402,592-4347,OMAHA,NE,68154,M,N,95000,6.84,0,206,0
Uldis,Mooney,F,860,237-3576,SOUTH KENT,CT,6785,M,N,10000,NaN,0,24500,0
Viiveke,Nytro,F,703,937-8286,BROWNSBURG,VA,24415,M,Y,85000,5.75,0,1800,900
Yih,Kirschenbaum,F,207,402-3634,HULLS COVE,ME,4644,S,N,50000,8.5,2850,0,0
Leonhard,Irland,F,573,219-7682,KIRKSVILLE,MO,63501,S,N,55000,6,2100,0,0
Byungki,Rissland,M,425,554-2217,KIRKLAND,WA,98034,S,N,100000,0,0,0,0
Arantza,Chorvat,F,774,234-8700,WORCESTER,MA,1614,M,Y,65000,5.3,0,7150,1000
Xingang,Lockwood,F,270,203-6086,HAGERHILL,KY,41222,M,Y,40000,4.0555553,0,40,20
Luquan,Bazgan,F,636,420-8026,MARTINSVILLE,MO,64467,M,Y,45000,6,0,4200,1200
Frantz,Gibbens,M,907,747-4516,JUNEAU,AK,99801,S,Y,15000,0,0,0,0
Barbara,Press,F,402,751-8305,RISING CITY,NE,68658,S,Y,35000,6.84,103,0,103
Kazunori,Baldan,F,763,422-8984,LORETTO,MN,55595,M,Y,95000,7.85,0,6600,3300
Quinlong,Rask,M,615,152-7659,KELSO,TN,37348,M,Y,60000,0,0,0,0
Reuven,Camurati,M,678,588-6720,SHARPSBURG,GA,30277,M,N,40000,6,0,5400,0
Petia,Honkela,M,808,275-3743,PEPEEKEO,HI,96783,M,N,40000,8.25,0,2080,0
Manzur,Canet,F,802,759-4001,SAINT ALBANS BAY,VT,5481,M,N,40000,3.800944,0,6600,0
Britton,Marathe,M,202,860-7687,WASHINGTON,DC,20007,M,Y,100000,9,0,2740,1370
Gihyun,Shikarpur,M,228,879-5500,JACKSON,MS,39203,S,N,40000,5,6000,0,0
Steffo,Boudaillier,M,920,199-1414,GREENWOOD,WI,54437,S,N,70000,5.6626635,700,0,0
Kayshav,Oestreicher,M,501,703-4687,MENA,AR,71953,M,N,25000,6.16338,0,40,0
Sakae,Nonnenmacher,M,502,746-8185,COVINGTON,KY,41012,S,Y,35000,3.7777777,20,0,20
Douadi,Noda,F,602,983-4241,SCOTTSDALE,AZ,85250,S,N,5000,2.87,2100,0,0
Shawn,Sallet,M,551,799-7017,HAINESPORT,NJ,8036,S,N,35000,1.6365625,1000,0,0
JongMin,Campr,M,828,697-6692,WILSON,NC,27896,S,N,65000,7.0961537,3300,0,0
Barbee,Okumoto,M,803,968-9121,EASLEY,SC,29641,S,Y,35000,7,3300,0,3300
Tatsumi,Belzer,F,763,563-9617,CLARKFIELD,MN,56223,S,Y,30000,5.8564034,3300,0,3300
Shyamala,Taff,F,702,811-8344,LAS VEGAS,NV,89118,M,Y,5000,0,0,0,0
Chiradeep,Kaklamani,F,206,630-8707,EAST WENATCHEE,WA,98802,M,Y,30000,0,0,0,0
Karlis,Hanafy,F,541,967-1529,BUTTE FALLS,OR,97522,M,N,75000,9,0,318,0
Olympia,Gecsei,M,208,247-7282,PARIS,ID,83261,M,N,55000,7.8,0,6600,0
Liangwei,Boydens,M,208,424-5745,TWIN FALLS,ID,83301,S,N,80000,7.8,3300,0,0
Daphna,Tschernko,F,630,662-7739,SAINT JACOB,IL,62281,M,N,55000,3,0,4000,0
Vyjayanti,Nishizeki,M,301,318-7813,LANHAM,MD,20703,M,N,100000,4.75,0,4800,0
Tareq,Bensard,F,307,362-7779,GILLETTE,WY,82718,S,N,100000,0,0,0,0
Usko,Azevedo,M,208,282-2449,WINCHESTER,ID,83555,S,N,35000,7.8,3300,0,0
Haiming,Milis,F,406,935-1288,TWO DOT,MT,59085,S,N,40000,6.9,1900,0,0
Atsufumi,Morisio,F,816,133-7293,KIDDER,MO,64649,M,Y,100000,6,0,4200,1200
Shaul,Lando,F,401,692-5018,PAWTUCKET,RI,2861,S,Y,80000,0,0,0,0
Abderrahim,Businaro,F,757,545-5294,NEWBERN,VA,24126,S,Y,60000,5.75,900,0,900
Lil,Nunn,M,772,575-3671,SNEADS,FL,32460,S,N,60000,0,0,0,0
Parimal,Broch,M,316,265-2190,COLLYER,KS,67631,M,N,30000,6.45,0,4500,0
Yehudah,Ruhle,M,412,398-8480,NESQUEHONING,PA,18240,S,Y,5000,3.07,0,0,0
Raanan,Nisiyama,M,808,981-4846,KAPAAU,HI,96755,S,N,10000,2.8421054,1040,0,0
Hongbo,Sherwood,M,319,302-3224,MARNE,IA,51552,M,N,65000,8.98,0,80,0
Tatung,Nyberg,F,702,719-7399,HENDERSON,NV,89044,S,N,100000,0,0,0,0
Anelise,Goldsworthy,M,307,618-4207,LARAMIE,WY,82072,M,N,40000,0,0,0,0
Naofumi,Flasterstein,M,720,760-5499,HOLLY,CO,81047,M,Y,50000,4.63,0,0,0
Evelina,Pavlotskaya,M,513,403-2054,BLANCHESTER,OH,45107,M,N,35000,1.7078462,0,2600,0
Nageshwar,Bouaricha,M,401,498-7088,EAST GREENWICH,RI,2818,S,Y,90000,0,0,0,0
Kyuseok,Gwertzman,F,703,262-7989,MC KENNEY,VA,23872,S,N,25000,5.75,900,0,0
Jianchen,Tishby,F,509,327-5353,HARTLINE,WA,99135,M,N,80000,0,0,0,0
Munseok,Kutylowski,M,414,932-2636,DOWNSVILLE,WI,54735,S,Y,90000,6.010166,700,0,400
Seong,Rosiles,M,870,322-8207,HUMPHREY,AR,72073,M,Y,75000,7,0,40,20
Helio,Gurel,M,480,582-4504,PHOENIX,AZ,85031,M,N,30000,3.1799998,0,4200,0
Deven,Bert,F,520,948-5691,NOGALES,AZ,85621,S,Y,5000,2.87,2100,0,2300
Evgenia,Santucci,M,304,487-5489,MEADOW CREEK,WV,25977,M,N,95000,6.5,0,4000,0
Mattias,Pezze,F,802,400-5142,NORTH HERO,VT,5474,M,N,20000,3.6,0,6600,0
Sasa,Antoy,F,412,474-2268,NEW CASTLE,PA,16107,M,N,40000,3.07,0,0,0
Dalibor,Couchot,F,301,479-1304,BENSON,MD,21018,M,Y,25000,4.75,0,4800,2400
Atro,Philips,M,401,111-5674,SAUNDERSTOWN,RI,2874,M,N,75000,0,0,0,0
Ghassan,Kechadi,F,304,833-9895,PENTRESS,WV,26544,M,N,30000,4.4,0,4000,0
Geof,Mandoiu,F,312,337-3067,WEDRON,IL,60557,M,Y,80000,3,0,4000,2000
Tmima,Mahboob,M,617,110-2359,STOCKBRIDGE,MA,1263,M,Y,90000,5.3,0,7150,1000
Mark,Callon,M,206,522-2722,VANCOUVER,WA,98687,M,Y,60000,0,0,0,0
Stanly,Hatcliff,F,605,569-8215,UTICA,SD,57067,M,N,55000,0,0,0,0
Evangelos,Khedro,M,939,572-8758,SAN JUAN,PR,975,M,Y,80000,0,0,0,0
Fumiko,Miyakawa,M,781,287-3221,WEST WAREHAM,MA,2576,S,N,25000,5.3,3575,0,0
Billie,Feldmeier,M,816,896-1166,HUNNEWELL,MO,63443,S,N,70000,6,2100,0,0
Kaihiro,Cummings,M,315,227-5211,BROOKLYN,NY,11244,S,N,20000,4.0695124,0,0,0
Junsik,Maquelin,M,605,310-7127,RAYMOND,SD,57258,S,N,55000,0,0,0,0
Emran,Spiro,M,803,557-5354,PINEVILLE,SC,29468,M,N,75000,7,0,6600,0
Saliha,Papadourakis,F,870,966-5518,TURRELL,AR,72384,M,Y,95000,7,0,40,20
Eser,Schmittgen,M,646,619-4782,GARDEN CITY,NY,11536,M,Y,90000,4.475,0,0,1000
Tatung,Flint,F,803,829-6897,COWARD,SC,29530,M,N,10000,5.752432,0,6600,0
Margaret,Chong,M,801,700-8469,ESCALANTE,UT,84726,M,Y,20000,7,0,4950,2475
Yanjun,Sherertz,F,859,993-6987,NAZARETH,KY,40048,S,N,15000,2.6666667,20,0,0
Ananth,Szymczak,F,765,906-3370,ORESTES,IN,46063,S,N,65000,3.4,1000,0,0
Aarno,Sallaberry,M,239,588-6889,BRANDON,FL,33511,M,Y,10000,0,0,0,0
Izabela,Studzinski,F,651,985-9102,CHANDLER,MN,56122,M,N,15000,5.35,0,6600,0
Gherin,Hooker,M,608,767-7992,LAKE TOMAHAWK,WI,54539,M,Y,30000,4.967658,0,1400,400
Alban,Pion,M,304,260-8102,KISTLER,WV,25628,M,Y,90000,6.5,0,4000,2000
Kacem,Berghel,M,843,949-1278,BOILING SPRINGS,SC,29316,M,Y,50000,7,0,6600,3300
Raghavan,Chikaraishi,F,225,682-6480,SHREVEPORT,LA,71165,S,Y,30000,6,4500,0,1000
Gururaj,Koshiba,M,503,683-7178,IRONSIDE,OR,97908,M,Y,90000,9,0,318,159
Peitao,Guha,M,207,405-5706,NEWRY,ME,4261,M,N,90000,8.5,0,5700,0
Tomomasa,Iijima,F,772,911-2135,COLEMAN,FL,33521,S,N,25000,0,0,0,0
Harlan,Styblinski,F,702,684-9986,HAWTHORNE,NV,89415,S,Y,5000,0,0,0,0
Rowan,Skrikant,M,330,781-1827,CAMERON,OH,43914,M,N,40000,1.8738205,0,2600,0
Etsuro,Iwanska,M,208,272-5207,HARVARD,ID,83834,M,N,20000,6.948391,0,6600,0
Hironori,Bhoedjang,F,202,209-8904,WASHINGTON,DC,20500,S,Y,10000,4.5,1370,0,1370
Prasenjit,Muntz,M,505,895-5141,SPRINGER,NM,87747,M,N,65000,5.3,0,6600,0
Yuyan,Samaria,M,308,699-1072,ST COLUMBANS,NE,68056,M,N,75000,6.84,0,206,0
Ebru,Shimshoni,M,970,959-9254,SLATER,CO,81653,S,Y,5000,4.63,0,0,0
Pius,Rosen,M,606,920-2309,KETTLE ISLAND,KY,40958,S,N,10000,2.3888888,20,0,0
Loan,Shklar,M,972,250-7390,LINN,TX,78563,S,N,55000,0,0,0,0
Dhamir,Itschner,M,302,321-9063,MARYDEL,DE,19964,M,Y,40000,4.586364,0,220,110
Gerth,Challab,M,816,619-5483,MAYVIEW,MO,64071,M,Y,15000,6,0,4200,1200
Catuscia,Ternovskaia,M,843,985-4003,BLYTHEWOOD,SC,29016,S,Y,45000,7,3300,0,3300
Manikya,Urbani,M,231,972-4888,BRIDGEPORT,MI,48722,S,Y,85000,3.9,3100,0,3100
Padmanabhan,Lance,F,505,561-7670,SAN RAFAEL,NM,87051,S,Y,20000,5.3,3300,0,3300
Riichiro,Reich,F,864,325-8084,BATESBURG,SC,29006,S,Y,55000,7,3300,0,3300
Pieluigi,Lucky,F,256,881-9316,COTTONDALE,AL,35453,S,N,20000,5,1500,0,0
Herward,Linsker,M,630,141-4743,GILSON,IL,61436,M,N,70000,3,0,4000,0
van,Granieri,F,515,125-8245,CUMBERLAND,IA,50843,S,Y,90000,8.98,40,0,40
Abdelillah,Bihari,M,401,739-9722,EAST PROVIDENCE,RI,2914,S,Y,25000,0,0,0,0
Lonnie,Pacholski,M,906,114-2788,WALLED LAKE,MI,48391,M,N,40000,3.9,0,6200,0
Borje,Rajamony,M,808,800-6205,PRINCEVILLE,HI,96722,S,N,35000,7.3486843,1040,0,0
Vagan,Pogrzeba,M,308,546-2598,LOOMIS,NE,68958,S,N,75000,6.84,103,0,0
Dongdai,Rotger,F,808,973-3326,HAWI,HI,96719,S,Y,70000,8.25,1040,0,1040
Shailey,Larin,M,603,601-2999,CANTERBURY,NH,3224,M,Y,5000,0,0,0,0
David,Klevans,F,206,515-9052,SPOKANE,WA,99205,S,N,100000,0,0,0,0
Maurelio,Carapuca,F,734,876-1235,ALBION,MI,49224,S,N,60000,3.9,3100,0,0
Kirsten,Meitner,F,406,448-5802,WILLARD,MT,59354,S,N,60000,6.9,1900,0,0
Ahmadreza,Anquetil,F,505,530-8986,TULAROSA,NM,88352,S,Y,65000,5.3,3300,0,3300
Roswita,Thiran,M,239,847-4779,ORLANDO,FL,32853,M,Y,15000,0,0,0,0
Yadran,Pennings,F,802,380-3576,BARRE,VT,5641,M,N,75000,4.4972854,0,6600,0
Diann,Vollaro,M,401,659-1872,CRANSTON,RI,2921,M,N,55000,0,0,0,0
Bassel,Roodyn,F,603,306-7675,PITTSBURG,NH,3592,S,N,75000,0,0,0,0
Evangeline,Aba,M,939,550-4954,LUQUILLO,PR,773,S,Y,60000,0,0,0,0
Masakage,Dicks,F,623,744-1183,WENDEN,AZ,85357,S,N,50000,3.49,2100,0,0
Belarmino,Clark,M,641,642-4537,OCHEYEDAN,IA,51354,M,N,10000,1.7078737,0,80,0
Prabha,Strehl,F,337,328-8302,ROBELINE,LA,71469,M,Y,45000,6,0,9000,1000
Kui,McEneaney,M,202,356-2852,WASHINGTON,DC,20548,M,N,35000,9,0,2740,0
Baruch,Crampes,F,219,711-3115,INDIANAPOLIS,IN,46280,M,Y,55000,3.4,0,2000,1000
Zoe,Wenguo,M,435,292-6259,SALT LAKE CITY,UT,84102,S,N,30000,7,2475,0,0
Remigijus,Paries,M,410,345-2891,RIDGE,MD,20680,M,Y,40000,4.75,0,4800,2400
Lindmila,Pleszkun,F,318,787-2749,LAKE CHARLES,LA,70615,M,Y,5000,2,0,9000,1000
Kazem,Sherrell,M,719,704-7588,BOULDER,CO,80309,M,Y,60000,4.63,0,0,0
Chizuko,Meeson,M,410,794-4655,FORT GEORGE G MEADE,MD,20755,S,N,65000,4.75,2400,0,0
Narisa,Costake,M,801,336-3093,OGDEN,UT,84201,S,N,50000,7,2475,0,0
Heeseok,Orlowska,F,228,736-1417,PUCKETT,MS,39151,M,N,40000,5,0,12000,0
Izumi,Borgelt,F,501,339-1726,HIGGINSON,AR,72068,S,Y,5000,1.3826939,20,0,20
Moray,Schuschel,F,253,736-6873,LIBERTY LAKE,WA,99019,M,Y,85000,0,0,0,0
Cristian,Arimoto,M,310,596-8432,SACRAMENTO,CA,94298,M,N,35000,7.7709284,0,174,0
Alesiano,Moudgal,M,425,546-1137,TOKELAND,WA,98590,M,N,5000,0,0,0,0
Manica,Grbic,M,205,361-2923,RUSSELLVILLE,AL,35653,M,N,65000,5,0,3000,0
Traugot,Shiloh,M,856,748-2808,NEWTONVILLE,NJ,8346,M,Y,70000,2.1885417,0,2000,1500
Tiiu,Jeong,F,973,621-1392,PAULSBORO,NJ,8066,S,N,80000,2.34625,1000,0,0
Waltraud,Machta,F,804,836-2486,RESTON,VA,20195,S,Y,70000,5.75,900,0,900
Humphrey,Noda,F,615,936-9196,WILLIAMSPORT,TN,38487,M,N,40000,0,0,0,0
Kamila,Iwayama,M,864,433-1922,CORDESVILLE,SC,29434,M,N,60000,7,0,6600,0
Woei,Khedro,M,774,266-6776,CAMBRIDGE,MA,2239,S,N,55000,5.3,3575,0,0
Ullrich,Dewan,F,435,793-5538,STERLING,UT,84665,S,N,5000,7,2475,0,0
Ajrapet,Smotherman,M,229,710-4849,MARIETTA,GA,30060,S,N,55000,6,2700,0,0
Dongchang,Schachtel,F,580,441-2210,BARNSDALL,OK,74002,S,N,30000,6.25,1000,0,0
Sudhanshu,Waldschmidt,M,208,253-1464,BANCROFT,ID,83217,M,Y,85000,7.8,0,6600,3300
Changhwan,Buy,M,605,431-6632,MELLETTE,SD,57461,S,N,90000,0,0,0,0
Giora,Bergeron,M,337,785-6822,PLAQUEMINE,LA,70765,S,Y,15000,2.8,4500,0,1000
Tetsuo,Reichl,F,715,520-4796,BROOKFIELD,WI,53008,M,Y,95000,6.097042,0,1400,400
Vania,Lundstrom,F,939,955-6640,SAN JUAN,PR,955,M,N,45000,0,0,0,0
Hilari,Luan,F,731,349-1115,MOUNTAIN CITY,TN,37683,S,N,25000,0,0,0,0
Athar,Rissanen,F,970,386-6283,BOULDER,CO,80323,S,N,80000,4.63,0,0,0
Palle,Tata,M,401,622-1305,NEWPORT,RI,2840,M,Y,75000,0,0,0,0
Nachimuthu,Cline,F,262,917-1331,FERRYVILLE,WI,54628,S,N,15000,4.707031,700,0,0
Vinton,Pinto,M,910,623-2197,RIDGEWAY,NC,27570,S,N,70000,7.201049,3300,0,0
Michihiro,Jockusch,M,570,612-6811,MODENA,PA,19358,S,N,10000,3.07,0,0,0
Merav,Zagrouba,F,775,371-3846,OVERTON,NV,89040,M,Y,50000,0,0,0,0
Inderjit,Terplan,F,207,556-3863,BREWER,ME,4412,M,N,55000,8.5,0,5700,0
Kieran,Panangaden,F,228,614-2576,GLENDORA,MS,38928,S,Y,95000,5,6000,0,1500
Guilhem,Varker,F,509,374-7552,WILSON CREEK,WA,98860,M,N,65000,0,0,0,0
Wlodek,Minet,F,678,931-9898,WHITESBURG,GA,30185,M,N,40000,6,0,5400,0
Muriel,Niggemeyer,F,336,661-2728,CANDOR,NC,27229,M,Y,25000,6.256993,0,6600,3300
Dawei,Stamp,M,971,676-5137,PORTLAND,OR,97268,S,Y,15000,9,159,0,159
Masuhiro,Babin,M,773,145-5421,ORLAND PARK,IL,60462,S,N,60000,3,2000,0,0
Akimou,Kandogan,F,518,359-7456,HICKSVILLE,NY,11855,M,N,55000,4.272256,0,0,0
Bulent,Goot,F,623,663-4988,LEUPP,AZ,86035,M,Y,55000,3.5674999,0,4200,2300
Piercarlo,Scanlon,F,623,644-5196,SAN MANUEL,AZ,85631,M,N,90000,4.11,0,4200,0
Nandit,Reed,M,678,781-5965,GOOD HOPE,GA,30641,S,N,70000,6,2700,0,0
Vanja,Koshkin,M,701,678-9380,GRACE CITY,ND,58445,M,N,25000,2.1,0,6600,0
Viera,Puppe,M,603,893-2713,HARRISVILLE,NH,3450,S,N,80000,0,0,0,0
Prahlad,Samaddar,M,918,674-8443,TULSA,OK,74103,M,N,65000,6.25,0,2000,0
Aashu,Asplund,M,803,752-3780,COLUMBIA,SC,29209,S,N,15000,7,3300,0,0
Juhnyoung,Vaghani,M,401,989-7538,NEWPORT,RI,2840,M,Y,5000,0,0,0,0
Akhtar,Assaad,F,207,304-1107,OAKFIELD,ME,4763,S,Y,20000,8.5,2850,0,2850
Zhengyan,Strivastav,M,203,172-4417,COLCHESTER,CT,6415,M,N,40000,5,0,24500,0
Elio,Godo,M,913,635-9665,HARDTNER,KS,67057,S,Y,45000,6.45,2250,0,2250
Houston,Henson,F,440,205-7593,EAST LIBERTY,OH,43319,M,Y,50000,2.2057693,0,2600,1300
Francisco,Beznosov,M,260,803-7183,FOUNTAINTOWN,IN,46130,S,N,45000,3.4,1000,0,0
Temple,Juvan,F,802,566-5869,NORTH HARTLAND,VT,5052,M,Y,10000,3.6,0,6600,3300
Franis,Botsch,F,301,260-8363,TALL TIMBERS,MD,20690,S,N,5000,4.75,2400,0,0
Viiveke,Dillon,F,802,122-8327,PITTSFORD,VT,5763,S,N,100000,4.994672,3300,0,0
Ardie,Pruthi,F,512,483-7292,ARLINGTON,TX,76014,M,N,35000,0,0,0,0
Vittorio,Bodei,F,919,903-4901,WACO,NC,28169,S,Y,100000,7.8304195,3300,0,3300
Maharaj,Denecker,M,702,692-8169,MESQUITE,NV,89027,S,Y,55000,0,0,0,0
Enshao,Ersoy,F,701,915-3786,TUTTLE,ND,58488,M,N,25000,2.1,0,6600,0
Saydean,N'Dong,M,901,294-3010,SHAWANEE,TN,37867,M,N,25000,0,0,0,0
Nikunja,Oshisanwo,F,712,619-1338,HAZLETON,IA,50641,S,Y,100000,8.98,40,0,40
Helmuth,Nobauer,M,508,547-4759,NORTH ANDOVER,MA,1845,S,Y,30000,5.3,3575,0,1000
Dallas,Chickermane,F,603,796-2448,PORTSMOUTH,NH,3804,S,Y,95000,0,0,0,0
Bjajesh,Blu,F,414,242-2430,STURGEON BAY,WI,54235,S,Y,60000,5.488912,700,0,400
Marlon,Carrington,F,787,263-7816,ROOSEVELT ROADS,PR,742,M,Y,5000,0,0,0,0
Mihaela,Viele,M,406,458-7400,THOMPSON FALLS,MT,59873,S,N,35000,6.9,1900,0,0
Mirion,Guillier,M,216,129-1283,WESTVILLE,OH,43083,M,Y,75000,3.0356412,0,2600,1300
Wiiliam,Rothwell,F,573,712-3095,SAINT LOUIS,MO,63104,M,N,50000,6,0,4200,0
Gebreselassie,Rathonyi,F,940,707-7915,HIGH ISLAND,TX,77623,S,N,80000,0,0,0,0
Teofilo,Mergen,F,802,131-9805,COLCHESTER,VT,5439,S,Y,15000,3.6,3300,0,3300
Fridolin,Cords,M,769,549-9215,LIBERTY,MS,39645,M,Y,5000,3,0,12000,1500
Naresh,Calbrix,M,971,548-4452,BUTTE FALLS,OR,97522,S,N,65000,9,159,0,0
Binhai,Piltz,M,505,291-5572,CONCHAS DAM,NM,88416,M,Y,15000,4.957143,0,6600,3300
Wilma,Preteux,F,406,522-6778,NEIHART,MT,59465,M,N,45000,6.9,0,3800,0
Suebskul,Spence,F,620,855-9708,WICHITA,KS,67226,S,N,65000,6.45,2250,0,0
Pavan,Dworak,M,515,589-7241,COUNCIL BLUFFS,IA,51501,S,N,70000,8.98,40,0,0
Winky,Pescio,F,501,905-4468,RAVENDEN,AR,72459,M,N,15000,3.773037,0,40,0
Eila,Grisedale,F,503,477-2713,GRASS VALLEY,OR,97029,S,N,90000,9,159,0,0
Christophe,Fedunok,F,309,242-6298,GURNEE,IL,60031,S,N,35000,3,2000,0,0
Partick,Prats,M,863,474-8709,DEBARY,FL,32713,S,N,40000,0,0,0,0
Yanni,Drexl,M,754,842-1802,CARRABELLE,FL,32322,M,N,25000,0,0,0,0
Margarida,Krings,M,310,890-4780,BURBANK,CA,91522,M,Y,60000,9.3,0,174,272
Liangjie,Parashar,M,505,597-5860,SHIPROCK,NM,87420,S,N,55000,5.3,3300,0,0
Kenzo,Raczkowsky,F,202,361-8505,PARCEL RETURN SERVICE,DC,56945,S,N,65000,9,1370,0,0
Hannah,Kane,F,201,896-7212,ORANGE,NJ,7050,S,N,15000,1.4,1000,0,0
Shivaraman,Hoede,F,870,748-1333,FORREST CITY,AR,72335,M,Y,95000,7,0,40,20
Sukree,Iivonen,F,401,340-1252,SMITHFIELD,RI,2917,S,Y,65000,0,0,0,0
Alston,Alves,M,661,141-1906,HOLLISTER,CA,95023,M,Y,40000,8.951314,0,174,272
Andrea,Forcade,F,503,202-8257,MEDFORD,OR,97504,S,N,10000,9,159,0,0
Dines,Futtersack,F,712,329-1209,PRESTON,IA,52069,M,N,65000,8.98,0,80,0
Selee,Schrock,F,504,437-2924,MELVILLE,LA,71353,M,N,25000,6,0,9000,0
Shamim,Luef,M,251,795-9829,YORK,AL,36925,M,Y,40000,5,0,3000,300
Genki,Kheirbek,M,769,414-8199,DUNDEE,MS,38626,S,N,70000,5,6000,0,0
Frances,Cleveland,F,808,288-5738,CAMP H M SMITH,HI,96861,S,N,35000,7.3486843,1040,0,0
Katsuto,Vidal,F,808,599-2310,WAIALUA,HI,96791,S,N,35000,7.3486843,1040,0,0
Betti,Lacoste,M,864,145-4665,AIKEN,SC,29803,M,N,75000,7,0,6600,0
Gus,Bramson,M,910,329-8885,KELLY,NC,28448,M,N,40000,6.571678,0,6600,0
Meg,Class,F,802,681-2438,NORTH CLARENDON,VT,5759,S,Y,60000,4.1988535,3300,0,3300
Issam,Kombarov,F,802,485-8249,EAST CORINTH,VT,5040,M,Y,40000,3.800944,0,6600,3300
Elias,Czap,F,720,404-1966,COLORADO SPRINGS,CO,80995,M,N,60000,4.63,0,0,0
Aldo,Dan,F,808,652-9061,WHEELER ARMY AIRFIELD,HI,96854,S,Y,55000,8.25,1040,0,1040
Jeffry,Tretiakoff,M,865,758-4329,GREENEVILLE,TN,37743,M,N,15000,0,0,0,0
Eddy,Wallenborn,M,410,560-4607,SILVER SPRING,MD,20993,S,Y,5000,4.75,2400,0,2400
Yigit,McIlraith,M,843,482-1332,EDGEFIELD,SC,29824,M,Y,90000,7,0,6600,3300
Kazuhide,Englert,F,252,491-6845,GATES,NC,27937,M,N,60000,6.9912586,0,6600,0
Honghua,Szmurlo,M,708,163-2821,BERWYN,IL,60402,M,N,30000,3,0,4000,0
Shuhua,Vanherpe,F,805,350-6430,PLACENTIA,CA,92870,M,Y,25000,5.410157,0,174,272
Aleksandar,Kanodia,F,318,968-1855,YOUNGSVILLE,LA,70592,S,Y,90000,6,4500,0,1000
Immo,Poigne,M,228,760-1155,HARPERVILLE,MS,39080,M,Y,5000,3,0,12000,1500
Kazuho,Loupy,F,810,840-6039,GENESEE,MI,48437,M,Y,90000,3.9,0,6200,3100
Shelley,Ronkainen,F,605,690-6742,BROOKINGS,SD,57006,S,Y,85000,0,0,0,0
Ono,Wool,M,205,985-4144,PINE LEVEL,AL,36065,S,Y,45000,5,1500,0,300
Arumugam,Buchter,M,228,445-1767,VICKSBURG,MS,39180,M,Y,25000,5,0,12000,1500
Kattamuri,Pezze,F,860,631-6193,TAFTVILLE,CT,6380,S,Y,40000,5,12750,0,0
Ceriel,Butner,F,505,657-1792,LAS CRUCES,NM,88006,M,Y,95000,5.3,0,6600,3300
Tsvi,Kean,M,203,797-5144,COLCHESTER,CT,6415,M,N,90000,5,0,24500,0
Anantha,Devore,M,360,499-6712,WOODLAND,WA,98674,S,N,100000,0,0,0,0
Jiyun,Bozzano,M,541,946-7764,PORTLAND,OR,97238,S,Y,40000,9,159,0,159
Aiqun,Peuto,M,512,820-5128,GALVESTON,TX,77552,M,Y,15000,0,0,0,0
Phong,Demner,F,843,824-4499,RIDGE SPRING,SC,29129,M,N,40000,7,0,6600,0
Kaoru,Vince,M,551,136-8701,LINDEN,NJ,7036,S,Y,90000,2.5039582,1000,0,1500
Peikun,Leahy,F,314,327-6581,DORA,MO,65637,S,N,15000,6,2100,0,0
Ronald,Yach,F,770,339-3939,CLARKDALE,GA,30111,S,N,10000,6,2700,0,0
Sefeng,Anquetil,M,920,960-3669,APPLETON,WI,54915,M,N,80000,5.836415,0,1400,0
Antonios,Strnad,F,425,495-7261,BELLEVUE,WA,98008,S,Y,90000,0,0,0,0
Rostam,Radovic,F,651,521-5007,OUTING,MN,56662,M,Y,100000,7.85,0,6600,3300
Weiwu,Jutla,M,937,394-6702,TOLEDO,OH,43612,M,N,20000,1.2099231,0,2600,0
Yoshiteru,Schnelling,F,208,337-3657,HILL CITY,ID,83337,S,N,85000,7.8,3300,0,0
Kavindra,Nisonger,F,860,662-7672,MASHANTUCKET,CT,6338,S,Y,70000,5,12750,0,0
Kaname,Jarzembski,F,208,461-7944,REXBURG,ID,83440,M,Y,90000,7.8,0,6600,3300
Wilfredo,Barreiro,M,228,637-2591,BUCKATUNNA,MS,39322,M,Y,80000,5,0,12000,1500
Roderick,Cagley,F,901,292-5779,EATON,TN,38331,S,Y,30000,0,0,0,0
Florence,Dedood,F,931,108-2682,MOUNT JULIET,TN,37121,M,N,80000,0,0,0,0
Zeger,Vinter,F,419,520-3768,NEW RIEGEL,OH,44853,S,Y,65000,2.7036924,1300,0,1300
Alicia,Cassel,M,301,697-1768,MASSEY,MD,21650,S,N,10000,4.75,2400,0,0
Patrizio,McJones,M,503,482-1701,DEER ISLAND,OR,97054,M,Y,10000,9,0,318,159
Volkmar,Schamp,F,931,549-1641,GREENBRIER,TN,37073,S,Y,20000,0,0,0,0
Masaya,Villanueva,F,339,310-9596,TEMPLETON,MA,1468,M,Y,70000,5.3,0,7150,1000
Shirish,Stroup,F,541,674-8917,ARLINGTON,OR,97812,S,Y,95000,9,159,0,159
Aziz,Eppinger,M,787,197-3550,MAYAGUEZ,PR,682,S,N,15000,0,0,0,0
Juha,Gentina,F,605,261-1161,GROTON,SD,57445,S,Y,90000,0,0,0,0
Kyoichi,Siddall,M,712,618-6500,KINGSLEY,IA,51028,M,Y,90000,8.98,0,80,40
Morris,Suomi,M,703,109-8874,NOKESVILLE,VA,20181,M,N,20000,5.75,0,1800,0
Yannich,Rouat,F,843,258-1420,REIDVILLE,SC,29375,M,Y,95000,7,0,6600,3300
Ishai,Freburger,M,917,430-3460,TULLY,NY,13159,S,N,70000,4.359146,0,0,0
Wilburt,Hemerik,F,865,933-7485,OAKFIELD,TN,38362,M,N,100000,0,0,0,0
Lokesh,Macskassy,F,928,572-6672,KEAMS CANYON,AZ,86034,M,Y,30000,3.1799998,0,4200,2300
Chandrakant,Crelier,F,507,141-9698,ROCHESTER,MN,55903,S,N,85000,7.85,3300,0,0
Yueming,Eppinger,F,307,437-9689,GREEN RIVER,WY,82935,S,N,100000,0,0,0,0
Bhavani,Baud,M,281,843-2288,DALLAS,TX,75275,S,Y,80000,0,0,0,0
Santiago,Beretta,F,208,713-8654,STAR,ID,83669,S,N,85000,7.8,3300,0,0
Soumya,Hammami,F,501,825-9638,PRATTSVILLE,AR,72129,M,N,55000,7,0,40,0
Chrystopher,Jindal,F,212,145-3752,CENTEREACH,NY,11720,M,Y,90000,4.475,0,0,1000
Deniz,Dinkhoff,M,720,422-3915,WARD,CO,80481,M,N,10000,4.63,0,0,0
Clenn,Wahbe,M,939,758-6953,SALINAS,PR,751,S,Y,65000,0,0,0,0
Shoji,Heggernes,M,267,928-1470,ROSSVILLE,PA,17358,M,N,55000,3.07,0,0,0
Thien,Chidamber,M,225,135-3782,BATON ROUGE,LA,70814,M,N,90000,6,0,9000,0
Jianxiu,Samaras,M,910,448-8788,DOBSON,NC,27017,M,N,50000,6.7814684,0,6600,0
Effy,Kazakos,M,224,597-8587,BELVIDERE,IL,61008,S,Y,15000,3,2000,0,2000
Kester,Lubiw,M,207,753-6326,HARPSWELL,ME,4079,S,Y,70000,8.5,2850,0,2850
Mustapha,Tada,F,509,215-4507,ROCKFORD,WA,99030,S,Y,40000,0,0,0,0
Kish,Hirsbrunner,M,937,566-7890,FARMDALE,OH,44417,S,N,35000,1.7078462,1300,0,0
Saturnino,Weghorst,M,603,153-9540,JAFFREY,NH,3452,M,N,50000,0,0,0,0
Mino,Binding,F,302,593-1464,WILMINGTON,DE,19810,S,N,30000,3.9045453,110,0,0
Pascale,Almohammad,F,701,467-3960,SOLEN,ND,58570,S,Y,65000,2.5092063,3300,0,3300
Fytton,Bourzoufi,M,818,196-2836,COMPTON,CA,90223,M,N,5000,1,0,174,0
Irvin,Hoffgen,F,801,284-9109,SALT LAKE CITY,UT,84180,S,Y,60000,7,2475,0,2475
Supriyo,Schervish,F,501,215-5248,HORSESHOE BEND,AR,72512,M,N,85000,7,0,40,0
Markos,Decleir,M,787,983-6711,SAN JUAN,PR,911,S,Y,90000,0,0,0,0
Vishu,Beek,M,313,898-4285,EAST LEROY,MI,49051,S,N,60000,3.9,3100,0,0
Anurag,Pinger,M,401,163-4434,WYOMING,RI,2898,M,Y,95000,0,0,0,0
Bobby,Tabor,M,479,658-5044,HOT SPRINGS NATIONAL PARK,AR,71901,S,N,85000,7,20,0,0
Alexius,Granlund,F,620,764-5905,RAMONA,KS,67475,M,N,25000,5.4666667,0,4500,0
Johnathon,Montemayor,M,718,677-5259,BROOKLYN,NY,11204,M,N,35000,4.1564026,0,0,0
Yasuro,Oostrum,F,971,304-1085,TERREBONNE,OR,97760,S,N,95000,9,159,0,0
Hang,Berglas,M,971,876-5644,REDMOND,OR,97756,S,Y,95000,9,159,0,159
Hamideh,Yoshizawa,F,858,406-7006,FRESNO,CA,93779,S,N,90000,9.3,87,0,0
Yka,Heyers,M,520,707-9845,FOREST LAKES,AZ,85931,M,Y,60000,3.645,0,4200,2300
Ipke,Syme,F,315,288-1944,MANORVILLE,NY,11949,M,N,30000,4.127439,0,0,0
Yacoub,Mihaylov,M,253,143-4143,CHEHALIS,WA,98532,S,Y,30000,0,0,0,0
Surajit,Hulaas,F,260,764-1651,HELMSBURG,IN,47435,S,Y,45000,3.4,1000,0,1000
Ramakrishnan,Kunieda,M,515,939-7971,HENDERSON,IA,51541,M,Y,55000,8.65488,0,80,40
Daphne,Solovay,F,662,495-6100,TUPELO,MS,38802,S,N,60000,5,6000,0,0
Nan,Karavelas,M,917,652-2006,CARLE PLACE,NY,11514,M,N,90000,4.475,0,0,0
Elisa,Marchukov,M,417,977-3091,PLEASANT HILL,MO,64080,M,N,70000,6,0,4200,0
Othar,Yasugi,M,907,172-5041,GOODNEWS BAY,AK,99589,S,N,30000,0,0,0,0
Tonia,Dana,F,814,792-3189,LINDEN,PA,17744,S,N,95000,3.07,0,0,0
Venkata,Zwarico,F,507,173-1100,MOORHEAD,MN,56563,M,Y,95000,7.85,0,6600,3300
Vaclav,Arbib,M,401,453-9258,FOSTER,RI,2825,M,N,10000,0,0,0,0
Prasenjit,Delaune,M,586,328-2081,DETROIT,MI,48234,M,N,95000,3.9,0,6200,0
Jayantha,Rotics,M,712,601-7416,SIOUX CITY,IA,51108,S,N,20000,3.2516527,40,0,0
Ekaterina,Crooks,M,303,782-7894,HOT SULPHUR SPRINGS,CO,80451,M,Y,80000,4.63,0,0,0
Melanie,Herman,F,505,747-4668,ALBUQUERQUE,NM,87191,M,Y,25000,5.3,0,6600,3300
Lokman,Rosinski,M,985,371-8955,MORROW,LA,71356,S,Y,60000,6,4500,0,1000
Ryouichi,Acton,M,980,556-7819,LUMBERTON,NC,28358,S,Y,70000,7.201049,3300,0,3300
Sitvanit,Duong,F,402,910-1560,LINCOLN,NE,68583,S,N,15000,4.7976766,103,0,0
Fadi,Giard,F,414,551-7465,WAUSAU,WI,54403,S,N,20000,4.7939067,700,0,0
Sangam,Getta,F,251,922-6314,HATCHECHUBBEE,AL,36858,S,N,55000,5,1500,0,0
Duro,Pool,M,808,766-4548,HONOLULU,HI,96823,S,Y,60000,8.25,1040,0,1040
Loys,Breeding,F,802,839-7015,BEECHER FALLS,VT,5902,S,Y,25000,3.6,3300,0,3300
Nahla,Ramsden,F,509,853-7266,SPOKANE,WA,99299,M,Y,70000,0,0,0,0
Penny,Guyer,F,603,216-5520,GORHAM,NH,3581,S,N,45000,0,0,0,0
Shahaf,Minei,F,308,200-9670,BRADSHAW,NE,68319,M,Y,35000,6.84,0,206,103
Kuniji,Baudin,F,605,717-2482,CANISTOTA,SD,57012,M,N,15000,0,0,0,0
Leucio,Biberman,M,561,351-4676,BARBERVILLE,FL,32105,S,N,50000,0,0,0,0
Juzhen,Lalanne,M,605,198-1716,HAZEL,SD,57242,S,Y,80000,0,0,0,0
Lihong,Guinther,M,402,705-4919,DU BOIS,NE,68345,M,Y,65000,6.84,0,206,103
Juhnyong,Straubing,M,334,825-4414,MULGA,AL,35118,S,Y,30000,5,1500,0,300
Dongchang,Evans,F,208,715-4178,REUBENS,ID,83548,S,Y,25000,7.8,3300,0,3300
Takehiro,Mutka,M,240,695-1641,BALTIMORE,MD,21235,S,N,55000,4.75,2400,0,0
Murugappan,Palfreyman,M,605,968-9711,HURON,SD,57399,S,Y,35000,0,0,0,0
Niranjan,Farah,M,909,647-6485,VENTURA,CA,93002,M,Y,20000,4.2297716,0,174,272
Odile,Thebaut,F,808,996-3845,KURTISTOWN,HI,96760,S,Y,60000,8.25,1040,0,1040
Chamond,Hudlicka,F,207,826-2519,BELGRADE,ME,4917,M,Y,55000,8.5,0,5700,2850
Giannis,Dew,F,843,600-8963,STATE PARK,SC,29147,M,N,85000,7,0,6600,0
Lucien,Balcom,M,303,789-8252,LIMON,CO,80826,M,N,70000,4.63,0,0,0
Polle,Melkman,F,502,453-8809,LEXINGTON,KY,40579,M,N,75000,6,0,40,0
Matthey,Lutzeler,M,970,686-7830,TWIN LAKES,CO,81251,M,Y,35000,4.63,0,0,0
Gianna,Antognini,F,816,526-4490,ROCKY COMFORT,MO,64861,S,N,100000,6,2100,0,0
Catherina,Helland,M,571,922-7267,WAVERLY,VA,23890,S,Y,65000,5.75,900,0,900
Satyadeep,Brogi,M,864,229-8185,WELLFORD,SC,29385,S,N,55000,7,3300,0,0
Irene,Purdy,F,810,963-6132,FAIR HAVEN,MI,48023,M,N,55000,3.9,0,6200,0
Subbu,Soderston,M,860,229-6248,EAST WINDSOR,CT,6088,M,N,45000,5,0,24500,0
Nadeem,Burnell,M,731,381-1002,MC LEMORESVILLE,TN,38235,M,N,40000,0,0,0,0
Hava,Zisman,F,513,543-3653,PIKETON,OH,45661,M,N,75000,3.0356412,0,2600,0
Gheith,McCaskey,F,423,214-9583,NASHVILLE,TN,37228,S,N,65000,0,0,0,0
Wujia,Guenter,M,360,433-5726,GREENBANK,WA,98253,M,N,100000,0,0,0,0
Takamasa,Cichon,M,301,599-1268,UPPER MARLBORO,MD,20772,S,Y,45000,4.75,2400,0,2400
Shane,Dodenhoft,M,501,973-4774,CASH,AR,72421,M,Y,45000,7,0,40,20
Katsumasa,Schmedding,F,913,444-9599,MILFORD,KS,66514,S,N,5000,3.5,2250,0,0
Jafar,Lanteri,F,423,624-8609,NASHVILLE,TN,37216,M,Y,85000,0,0,0,0
Manel,Calisti,M,302,149-1149,CLAYMONT,DE,19703,M,N,35000,4.245455,0,220,0
Benny,Don,F,770,584-9994,SAINT MARYS,GA,31558,S,Y,75000,6,2700,0,3000
Hussein,Peris,F,406,354-5367,CUSTER,MT,59024,S,Y,25000,6.9,1900,0,1900
Glauco,Thiria,M,580,282-5256,TULSA,OK,74112,S,N,95000,6.25,1000,0,0
Merik,Lally,F,939,794-5764,GUAYNABO,PR,968,M,N,60000,0,0,0,0
Remy,Lanet,M,404,264-6118,NORTH METRO,GA,30029,M,N,65000,6,0,5400,0
Marion,Wotawa,F,971,484-3057,EDDYVILLE,OR,97343,S,N,55000,9,159,0,0
Lorna,Grob,M,860,716-7425,EAST LYME,CT,6333,M,N,5000,3,0,24500,0
Gui,Backes,F,615,734-1927,CHAPEL HILL,TN,37034,S,N,20000,0,0,0,0
Khosrow,Slaman,F,769,667-3412,MAYHEW,MS,39753,S,Y,70000,5,6000,0,1500
Muthu,Blache,F,585,356-6421,SOUTH JAMESPORT,NY,11970,S,Y,70000,4.359146,0,0,1000
Guylaine,Kupiec,F,770,793-7017,FARMINGTON,GA,30638,M,Y,65000,6,0,5400,3000
Nobert,Range,M,805,623-4059,MANHATTAN BEACH,CA,90266,M,Y,80000,9.3,0,174,272
Mahmut,Fontaine,M,316,333-8152,ALBERT,KS,67511,S,N,15000,3.5,2250,0,0
Ronghao,Chmielinska,F,971,143-3112,CASCADIA,OR,97329,M,N,25000,9,0,318,0
Thore,Strnad,F,570,804-1834,BEAVER SPRINGS,PA,17843,M,Y,90000,3.07,0,0,0
Wan,Thenmozhi,M,586,859-5678,TWIN LAKE,MI,49457,S,Y,45000,3.9,3100,0,3100
Martins,Tzafestas,M,414,145-3289,FIFIELD,WI,54524,S,Y,50000,5.3151608,700,0,400
Alexandros,Dileva,M,203,588-5973,WASHINGTON DEPOT,CT,6794,S,Y,40000,5,12750,0,0
Nobuyasu,Sundareshan,M,308,287-7131,SPRINGFIELD,NE,68059,S,Y,50000,6.84,103,0,103
Mayuram,Zervos,F,808,280-4208,HAWAII NATIONAL PARK,HI,96718,S,N,15000,3.743421,1040,0,0
Gara,Shihab,M,843,388-6759,BATH,SC,29816,S,N,20000,7,3300,0,0
Tatsuie,Rowan,M,870,143-4684,KEISER,AR,72351,S,Y,45000,7,20,0,20
Georges,Mahony,F,215,985-4352,CORRY,PA,16407,M,N,80000,3.07,0,0,0
Nataraj,Leban,M,870,146-5662,NORTH LITTLE ROCK,AR,72116,S,Y,55000,7,20,0,20
Huaxiong,Giacobazzi,F,402,627-3370,BRUNSWICK,NE,68720,S,N,60000,6.84,103,0,0
Hanno,Capobianchi,F,602,268-7959,GLOBE,AZ,85501,M,Y,10000,2.87,0,4200,2300
Weisong,Dickey,M,260,239-9872,DUNREITH,IN,47337,M,N,5000,3.4,0,2000,0
Daya,Reif,F,228,488-3600,PHILIPP,MS,38950,S,N,85000,5,6000,0,0
Soojung,Arroyo,M,701,693-5510,ZEELAND,ND,58581,M,N,75000,2.6251287,0,6600,0
Roa,Goan,F,301,825-6270,KENNEDYVILLE,MD,21645,M,N,55000,4.75,0,4800,0
Yamine,Devine,M,516,655-6270,SCHUYLER LAKE,NY,13457,M,N,80000,4.4170732,0,0,0
Biplav,Anguita,M,202,789-1008,WASHINGTON,DC,20064,S,N,15000,5.625,1370,0,0
ShouHan,Docter,F,701,686-7294,EPPING,ND,58843,M,Y,50000,2.3353226,0,6600,3300
Chihping,Goes,F,208,276-3519,COOLIN,ID,83821,M,N,60000,7.8,0,6600,0
Sariel,Zeilberger,F,270,317-9678,MILTON,KY,40045,M,N,5000,2.1111112,0,40,0
Rinsjel,Messabih,F,434,590-5053,AMONATE,VA,24601,S,N,55000,5.75,900,0,0
Loius,Caneghem,F,603,947-9191,GUILD,NH,3754,M,N,15000,0,0,0,0
Takeaki,Benzmuller,F,702,819-9348,CARLIN,NV,89822,S,N,75000,0,0,0,0
Nobuaki,Clegg,M,256,848-6905,GURLEY,AL,35748,M,Y,60000,5,0,3000,300
Krisda,Braschler,F,973,704-3168,TRENTON,NJ,8604,M,Y,35000,1.6365625,0,2000,1500
Shinkuro,Baafi,F,302,652-3553,WILMINGTON,DE,19894,M,N,80000,5.95,0,220,0
Narendar,Bouloucos,F,808,548-9200,HONOLULU,HI,96819,S,N,100000,8.25,1040,0,0
Hangju,Gitlin,M,304,611-2328,MASONTOWN,WV,26542,S,N,5000,3,2000,0,0
Sathis,Rand,M,802,162-7375,CHELSEA,VT,5038,S,Y,15000,3.6,3300,0,3300
Kalev,Kallman,F,302,853-6020,NEWARK,DE,19726,S,N,85000,5.95,110,0,0
Kalyani,Herget,M,225,366-6202,DOWNSVILLE,LA,71234,S,Y,85000,6,4500,0,1000
Takehito,Priess,M,302,121-1148,DOVER,DE,19901,M,Y,90000,5.95,0,220,110
Aiwei,Riis,M,253,931-4825,VALLEY,WA,99181,S,N,55000,0,0,0,0
Britton,Reeves,M,308,352-4814,NORTH BEND,NE,68649,S,Y,95000,6.84,103,0,103
Wolf,Depommier,F,717,761-7367,YATESBORO,PA,16263,M,Y,70000,3.07,0,0,0
Tassadit,Goubault,F,401,218-1807,GREENE,RI,2827,M,Y,25000,0,0,0,0
Plamena,Panagopoulou,F,630,963-7410,RUSHVILLE,IL,62681,M,N,100000,3,0,4000,0
Nachum,Hernan,F,626,910-9367,SACRAMENTO,CA,95820,M,N,95000,9.3,0,174,0
Manuel,Kodera,F,307,321-4308,POWDER RIVER,WY,82648,S,Y,45000,0,0,0,0
Homer,Gilg,M,407,727-2087,MARATHON SHORES,FL,33052,S,N,95000,0,0,0,0
Xiaohan,Agostino,F,435,550-8858,FARMINGTON,UT,84025,S,Y,30000,7,2475,0,2475
Youngdon,Rubio,F,620,402-6776,PIERCEVILLE,KS,67868,S,N,90000,6.45,2250,0,0
Hany,Diciunas,F,406,764-8757,REXFORD,MT,59930,M,Y,75000,6.9,0,3800,1900
Horace,Kara,F,302,431-7848,HARRINGTON,DE,19952,S,N,30000,3.9045453,110,0,0
Gokhan,Lebel,F,505,560-7346,HOPE,NM,88250,S,N,55000,5.3,3300,0,0
Yair,Mynatt,M,205,807-7807,DOLOMITE,AL,35061,M,N,50000,5,0,3000,0
Paicheng,Wichaipanitch,F,213,355-5730,SAMOA,CA,95564,M,N,65000,9.3,0,174,0
Harriet,Duris,F,860,638-6304,WILLIMANTIC,CT,6226,S,N,10000,NaN,12750,0,0
Viswanath,Maramtz,F,802,261-5142,EAST CALAIS,VT,5650,M,N,25000,3.6,0,6600,0
Angotti,Burtschick,M,303,726-8584,DEER TRAIL,CO,80105,M,Y,5000,4.63,0,0,0
Jaewon,Rothenberg,F,864,782-5728,STARR,SC,29684,M,N,65000,7,0,6600,0
Sadeph,Kinter,M,701,805-3892,GRAND FORKS,ND,58207,S,Y,15000,2.1,3300,0,3300
Seiji,Thibeault,M,228,642-1425,DUNDEE,MS,38626,S,N,90000,5,6000,0,0
Tianqing,Marciano,M,262,186-6633,MADISON,WI,53701,S,Y,15000,4.707031,700,0,400
Yamin,Kern,M,307,709-9236,POINT OF ROCKS,WY,82942,S,Y,70000,0,0,0,0
Bodhi,Shekhar,M,202,833-8537,WASHINGTON,DC,20268,S,Y,20000,6.75,1370,0,1370
Ferda,Bojadziev,F,931,424-2939,DYERSBURG,TN,38025,S,N,20000,0,0,0,0
Aristid,Schreiter,F,505,174-6258,CANONES,NM,87516,S,Y,70000,5.3,3300,0,3300
Ilias,Paddon,F,505,210-3538,RIO RANCHO,NM,87144,S,Y,45000,5.3,3300,0,3300
Gurudatta,Uludag,F,410,723-5891,ROCKVILLE,MD,20849,S,N,90000,4.75,2400,0,0
Cor,Ennals,M,207,400-6837,ROBBINSTON,ME,4671,M,Y,60000,8.5,0,5700,2850
Gail,Srimani,M,651,901-6651,SAINT MARTIN,MN,56376,S,Y,80000,7.85,3300,0,3300
Taketoshi,Blumann,M,509,256-5573,GALVIN,WA,98544,M,N,55000,0,0,0,0
GuoDong,Stredney,M,401,307-5902,HOPE,RI,2831,M,Y,30000,0,0,0,0
Shri,Gronowski,F,907,664-3147,AKUTAN,AK,99553,M,N,20000,0,0,0,0
Toshiaki,Hillston,F,808,266-7844,MAKAWELI,HI,96769,M,Y,15000,3.743421,0,2080,1040
Angi,Fayolle,F,786,446-7306,ORLANDO,FL,32812,M,Y,30000,0,0,0,0
Felix,Macskassy,M,626,464-8060,VAN NUYS,CA,91497,S,Y,30000,6.590543,87,0,272
Fei,Chalfan,M,801,894-9212,CLEARFIELD,UT,84089,S,N,50000,7,2475,0,0
Amnon,Siriboon,F,732,432-1234,FORT MONMOUTH,NJ,7703,M,N,70000,2.1885417,0,2000,0
Jinhai,Akazan,F,202,241-5240,WASHINGTON,DC,20451,S,Y,25000,7.875,1370,0,1370
Youngbae,Jayaprakash,M,520,208-4477,TOMBSTONE,AZ,85638,M,Y,25000,3.1025,0,4200,2300
Meral,Zuiderveld,M,231,520-8189,MARCELLUS,MI,49067,S,Y,35000,3.9,3100,0,3100
Nobuaki,Matzen,M,864,507-9526,LYNCHBURG,SC,29080,M,Y,15000,7,0,6600,3300
Simonas,Jesus,F,939,614-5971,HUMACAO,PR,791,M,N,45000,0,0,0,0
Mikkel,Mongenet,M,541,661-1785,CASCADIA,OR,97329,S,Y,75000,9,159,0,159
Przemyslaw,Cerone,F,479,694-3814,GOSHEN,AR,72735,M,Y,70000,7,0,40,20
Toshiya,Honiden,M,314,408-6754,CENTRALIA,MO,65240,S,Y,100000,6,2100,0,1200
Murad,Hernek,F,563,149-1328,LE MARS,IA,51031,S,N,100000,8.98,40,0,0
Lila,Esteves,M,605,671-8116,BRENTFORD,SD,57429,M,Y,5000,0,0,0,0
Naphtali,Zambonelli,M,603,808-7275,MANCHESTER,NH,3103,M,Y,65000,0,0,0,0
Hoakan,Voorhoeve,F,813,587-1748,LARGO,FL,33771,S,Y,75000,0,0,0,0
Hai,Gopi,M,801,967-7104,RUSH VALLEY,UT,84069,S,Y,40000,7,2475,0,2475
Jayanth,Dehdashti,M,308,799-2978,OMAHA,NE,68122,S,Y,100000,6.84,103,0,103
Guardian,Lucco,F,808,140-2636,KALAUPAPA,HI,96742,S,Y,95000,8.25,1040,0,1040
Jitian,Eleser,F,660,442-1055,SAINT LOUIS,MO,63137,S,N,85000,6,2100,0,0
Ping,Elgaard,F,907,504-3567,HOOPER BAY,AK,99604,S,N,55000,0,0,0,0
Malur,Schnelling,F,808,955-1261,HANALEI,HI,96714,S,N,50000,8.25,1040,0,0
Nigel,Gille,F,336,416-4275,GREENSBORO,NC,27416,M,N,20000,6.1520977,0,6600,0
Nidapan,Emele,F,207,207-9712,GREENWOOD,ME,4255,S,Y,10000,4.5857663,2850,0,2850
Kazukuni,Post,M,509,234-5648,SAMMAMISH,WA,98074,S,N,95000,0,0,0,0
Prasadram,Uludag,M,862,700-4687,EWAN,NJ,8025,S,Y,75000,2.267396,1000,0,1500
Reggie,Schoening,F,972,342-9654,GALLATIN,TX,75764,S,Y,5000,0,0,0,0
Samar,Subbalakshmi,M,304,444-1905,HUNTINGTON,WV,25711,S,N,100000,6.5,2000,0,0
Chizuko,Taft,M,662,861-4226,VANCLEAVE,MS,39565,S,N,30000,5,6000,0,0
Yuxi,Disney,F,307,711-3018,WHEATLAND,WY,82201,S,N,70000,0,0,0,0
Shozo,Shnaider,F,270,605-8024,BROWDER,KY,42326,S,N,25000,3.2222223,20,0,0
Aisheng,Potorti,M,831,502-9706,YUCAIPA,CA,92399,S,Y,20000,4.2297716,87,0,272
Dhananjay,Tiberghien,F,769,839-4084,MADDEN,MS,39109,S,Y,95000,5,6000,0,1500
Reme,Marjeta,M,971,402-4304,PORTLAND,OR,97227,M,Y,55000,9,0,318,159
Liujian,Ornburn,M,580,475-3457,TULSA,OK,74189,S,Y,80000,6.25,1000,0,1000
Zhilin,Feger,F,802,108-3268,MONTPELIER,VT,5603,S,N,35000,3.7014668,3300,0,0
Micah,Machiraju,F,260,408-6040,SPURGEON,IN,47584,M,N,65000,3.4,0,2000,0
Thijs,Vilar,M,606,500-2204,JEREMIAH,KY,41826,M,Y,40000,4.0555553,0,40,20
Taokuan,Bashir,F,941,375-5216,HOMOSASSA,FL,34448,S,Y,55000,0,0,0,0
Weichang,Valadier,F,636,293-1544,CHAFFEE,MO,63740,S,N,20000,6,2100,0,0
Reese,Baucke,F,404,783-7817,BETHLEHEM,GA,30620,M,Y,55000,6,0,5400,3000
Kohkichi,Osmani,M,702,107-8108,PAHRUMP,NV,89060,M,N,45000,0,0,0,0
Gita,Paetzold,M,201,370-8826,PENNSVILLE,NJ,8070,S,N,95000,2.5828125,1000,0,0
Sangman,Budzinski,F,719,748-7567,DUPONT,CO,80024,M,Y,55000,4.63,0,0,0
Ryszard,Heydari,F,802,787-8776,SOUTH BURLINGTON,VT,5403,M,N,70000,4.397808,0,6600,0
Marlin,Statz,M,828,289-4026,ATLANTIC,NC,28511,S,N,15000,6.0472026,3300,0,0
Tsuguo,Broner,F,906,783-7768,HARRIS,MI,49845,M,Y,20000,3.9,0,6200,3100
Bredan,Schwertel,M,208,275-3629,HAZELTON,ID,83335,M,N,85000,7.8,0,6600,0
Johnathon,Reinsch,M,401,835-7604,PRUDENCE ISLAND,RI,2872,M,N,10000,0,0,0,0
Darwin,Otterloo,M,318,775-9326,PINE PRAIRIE,LA,70576,M,Y,50000,6,0,9000,1000
Marsaru,Navazio,M,334,304-8456,BIRMINGHAM,AL,35291,S,N,60000,5,1500,0,0
Gurmeet,Kotulla,M,682,567-9100,BAYTOWN,TX,77523,S,Y,15000,0,0,0,0
Meike,Worsch,F,302,425-6621,WILMINGTON,DE,19803,M,N,30000,3.9045453,0,220,0
Ashwini,Schnoebelen,F,301,389-5635,TAKOMA PARK,MD,20913,M,N,100000,4.75,0,4800,0
Clenn,Ullrich,M,787,428-1959,NAGUABO,PR,718,M,N,80000,0,0,0,0
Antony,Nedjah,M,479,125-9608,SCRANTON,AR,72863,M,Y,15000,3.773037,0,40,20
Ramachander,Rivieres,M,785,590-9423,CUBA,KS,66940,M,N,50000,6.45,0,4500,0
Ondrej,Wode,F,939,592-9812,MAYAGUEZ,PR,681,S,Y,45000,0,0,0,0
Narvardin,Sufrin,F,501,345-8549,GENOA,AR,71840,M,N,40000,7,0,40,0
Wray,Matthijssen,M,406,786-9934,STRYKER,MT,59933,M,N,15000,6.9,0,3800,0
Shafeek,Schell,F,404,831-6176,MARIETTA,GA,30067,M,N,75000,6,0,5400,0
Mel,Gustafsson,M,603,275-5374,CENTER OSSIPEE,NH,3814,S,N,95000,0,0,0,0
Kazunori,Schober,F,769,179-1013,FALKNER,MS,38629,M,Y,25000,5,0,12000,1500
Mitch,Sheridan,F,862,380-7647,ADELPHIA,NJ,7710,M,N,15000,1.4,0,2000,0
Mandaly,Papadoupolous,F,860,143-3024,STAMFORD,CT,6911,M,Y,80000,5,0,24500,0
Sheryl,Puppo,M,702,415-4980,OWYHEE,NV,89832,S,Y,75000,0,0,0,0
Padmanabhan,Lueth,F,773,856-4884,STREATOR,IL,61364,M,Y,25000,3,0,4000,2000
Yiping,Weydert,F,870,390-1958,NORTH LITTLE ROCK,AR,72198,S,N,85000,7,20,0,0
Jonell,Goldhammer,M,908,837-6396,TRENTON,NJ,8620,M,N,40000,1.7154167,0,2000,0
Goffredo,Kajimoto,F,302,271-8367,WILMINGTON,DE,19895,M,N,10000,2.540909,0,220,0
Shinkyu,Bowditch,F,650,625-8501,SACRAMENTO,CA,94232,M,N,80000,9.3,0,174,0
Shay,Pataki,F,202,638-7258,WASHINGTON,DC,20453,S,N,25000,7.875,1370,0,0
Girolamo,Fanti,F,802,270-6932,CENTER RUTLAND,VT,5736,M,Y,45000,3.9004214,0,6600,3300
Meilir,Taka,F,304,762-5096,ISABAN,WV,24846,M,N,35000,4.75,0,4000,0
Gadiel,Jurtensen,M,504,801-1932,DELCAMBRE,LA,70528,S,N,5000,2,4500,0,0
Kien,Herger,F,407,981-3347,OSTEEN,FL,32764,M,N,75000,0,0,0,0
Baoqiu,Chauche,M,563,230-9207,RAKE,IA,50465,S,N,70000,8.98,40,0,0
Seungjoon,Pejhan,M,803,933-8074,MYRTLE BEACH,SC,29588,M,Y,5000,3.563716,0,6600,3300
Guanghui,Ravve,F,708,171-6925,LOVES PARK,IL,61132,M,N,80000,3,0,4000,0
Sieger,Ioroi,F,317,676-7978,NASHVILLE,IN,47448,S,Y,30000,3.4,1000,0,1000
Akihiro,Atarashi,F,505,386-3836,CHACON,NM,87713,S,N,30000,5.3,3300,0,0
Derrick,Takami,M,913,880-7048,LECOMPTON,KS,66050,M,N,75000,6.45,0,4500,0
Eliane,Fraenkel,F,801,156-8767,CLEARFIELD,UT,84015,M,Y,85000,7,0,4950,2475
Geraldo,Coullard,M,814,287-6053,EARLINGTON,PA,18918,M,Y,80000,3.07,0,0,0
Xiaohan,Chvalosky,F,410,421-6244,FREDERICK,MD,21704,M,Y,25000,4.75,0,4800,2400
Hidekazu,Poulter,M,907,298-8616,ANCHORAGE,AK,99519,S,Y,45000,0,0,0,0
Ponnekanti,Hepner,M,319,744-6432,WASHINGTON,IA,52353,S,N,60000,8.98,40,0,0
Mantis,Stassinopoulos,F,701,369-1981,REGAN,ND,58477,S,N,35000,2.161439,3300,0,0
Yosi,Benner,M,620,687-5648,WICHITA,KS,67260,M,Y,40000,6.45,0,4500,2250
Lucja,Rifa,M,404,812-2408,WADLEY,GA,30477,S,Y,35000,6,2700,0,3000
Eishiro,Kabuka,M,319,652-6609,PEOSTA,IA,52068,S,Y,90000,8.98,40,0,40
Itsik,Mauboussin,M,907,238-9094,MARSHALL,AK,99585,S,Y,10000,0,0,0,0
Saleem,Stach,M,732,178-8363,ORANGE,NJ,7051,M,Y,75000,2.267396,0,2000,1500
Johannes,Rachev,M,240,318-1996,RIDGE,MD,20680,M,N,45000,4.75,0,4800,0
Bindu,Alsio,M,480,848-2021,TUCSON,AZ,85749,M,N,20000,3.0249999,0,4200,0
Mikito,Zhongzhi,M,401,310-3136,FORESTDALE,RI,2824,S,Y,30000,0,0,0,0
Wolfram,Mallery,F,270,350-2057,LOST CREEK,KY,41348,S,Y,70000,5.7222223,20,0,20
Thoshiaki,Nytro,M,401,968-8590,SMITHFIELD,RI,2917,S,Y,20000,0,0,0,0
Sahar,Stockmeyer,M,251,752-9437,REMLAP,AL,35133,M,N,50000,5,0,3000,0
Topi,Loewenstein,M,207,429-5444,NORTH TURNER,ME,4266,M,N,100000,8.5,0,5700,0
Abimbola,Poot,F,919,747-2299,LAUREL SPRINGS,NC,28644,S,N,25000,6.256993,3300,0,0
Heinrich,Heisel,F,415,469-5174,MODESTO,CA,95358,M,Y,5000,1,0,174,272
Itzhak,Mulvany,M,505,365-2827,TYRONE,NM,88065,M,N,50000,5.3,0,6600,0
Venkataraman,Angeleri,M,513,428-4515,GNADENHUTTEN,OH,44629,M,N,90000,3.533564,0,2600,0
Jayme,Idomoto,M,860,682-8381,DANBURY,CT,6817,M,N,40000,5,0,24500,0
Guangshun,Creech,M,228,335-6313,MARIETTA,MS,38856,M,N,100000,5,0,12000,0
Saumya,Maxson,F,772,753-2614,LAKELAND,FL,33807,M,Y,100000,0,0,0,0
Jui,Lassalle,F,302,393-5126,NEWARK,DE,19726,M,N,70000,5.95,0,220,0
Herwig,Carothers,M,440,137-4932,CUBA,OH,45114,M,Y,45000,2.039795,0,2600,1300
Oswin,Piera,F,505,618-3509,HILLSBORO,NM,88042,M,N,90000,5.3,0,6600,0
Lalit,Adomavicius,F,336,747-4124,GREENSBORO,NC,27455,M,Y,25000,6.256993,0,6600,3300
Aimo,Oudin,M,731,123-8438,ATHENS,TN,37371,S,N,65000,0,0,0,0
Zoe,Vorc'h,M,505,783-4504,QUESTA,NM,87556,S,N,85000,5.3,3300,0,0
Doreen,Weaver,F,907,887-9639,PORT ALEXANDER,AK,99836,M,Y,35000,0,0,0,0
Nikolaos,Marechal,F,602,333-4878,GILBERT,AZ,85296,S,Y,20000,3.0249999,2100,0,2300
Ashraf,Scraton,F,318,945-9011,BOUTTE,LA,70039,S,N,75000,6,4500,0,0
Pilar,Junping,M,406,650-3094,BIGFORK,MT,59911,S,N,85000,6.9,1900,0,0
Gioia,Krylov,F,952,198-5617,SARTELL,MN,56377,S,N,25000,5.5895944,3300,0,0
Simin,Tchernykh,M,931,231-2852,TELFORD,TN,37690,M,N,60000,0,0,0,0
Sulaiman,Fraysse,M,907,951-6591,SAINT MARYS,AK,99658,S,N,45000,0,0,0,0
Tzay,Heystek,F,860,476-9761,BETHEL,CT,6801,S,N,45000,5,12750,0,0
Brenan,Schena,F,940,628-9536,QUITMAN,TX,75783,M,N,10000,0,0,0,0
Yukihisa,Crowther,F,205,582-5087,WARRIOR,AL,35180,M,N,15000,5,0,3000,0
Polina,Majerski,M,228,183-6594,HICKORY FLAT,MS,38633,S,N,45000,5,6000,0,0
Johannes,Dam,M,414,929-9622,MARINETTE,WI,54143,S,Y,65000,5.575788,700,0,400
Amnon,Nayakkankuppam,F,701,189-5568,JAMESTOWN,ND,58402,M,Y,30000,2.1034775,0,6600,3300
Allyson,Camps,M,818,275-9063,SACRAMENTO,CA,94294,S,Y,45000,9.3,87,0,272
Borko,Olagunju,M,787,485-4412,SAN JUAN,PR,921,M,Y,65000,0,0,0,0
Miyeon,Segond,F,319,931-2246,NORTH LIBERTY,IA,52317,M,Y,15000,2.479763,0,80,40
Malika,Frezza,M,787,757-2560,BARRANQUITAS,PR,794,S,N,40000,0,0,0,0
Marcella,Giunchiglia,M,423,143-5217,SILVER POINT,TN,38582,M,N,50000,0,0,0,0
Anandeep,Rothnie,F,414,959-4091,REEDSBURG,WI,53958,M,N,100000,6.183918,0,1400,0
Stamos,Berstel,M,787,921-9201,AGUIRRE,PR,704,M,N,40000,0,0,0,0
Habib,Klevans,F,480,680-1250,KAYENTA,AZ,86033,S,Y,65000,3.7224998,2100,0,2300
Douglas,Cliff,M,912,811-8502,KEYSVILLE,GA,30816,S,Y,95000,6,2700,0,3000
Eiki,Wyckof,M,304,911-2489,ASHFORD,WV,25009,M,N,5000,3,0,4000,0
Jun'ichi,Trumner,M,208,597-3887,HARVARD,ID,83834,M,Y,70000,7.8,0,6600,3300
Moritz,Nanayakkara,F,703,956-7949,STONY CREEK,VA,23882,S,N,15000,5.214286,900,0,0
Boonserm,Vaisey,M,401,797-1734,CHARLESTOWN,RI,2813,M,Y,50000,0,0,0,0
Kousha,Signore,F,571,143-9908,GLASGOW,VA,24555,S,N,35000,5.75,900,0,0
Chandramouli,Cakir,M,305,757-3270,SAINT PETERSBURG,FL,33729,S,N,50000,0,0,0,0
Eibe,Shirai,F,701,740-9644,GRAND FORKS,ND,58203,S,N,55000,2.3932838,3300,0,0
Johnny,Talpin,M,440,201-2729,STOUT,OH,45684,S,N,40000,1.8738205,1300,0,0
Ravinder,Cridlig,M,208,650-7405,REXBURG,ID,83460,S,Y,5000,2.6903439,3300,0,3300
Jinseok,Haworth,F,414,349-6096,EAU GALLE,WI,54737,M,N,80000,5.836415,0,1400,0
Brian,Engberts,M,479,196-3962,GUY,AR,72061,M,N,75000,7,0,40,0
Hyeongil,Pesotchinsky,M,703,628-8756,EDINBURG,VA,22824,M,Y,90000,5.75,0,1800,900
Ramya,Nemytykh,M,606,883-7290,MISTLETOE,KY,41351,M,N,70000,5.7222223,0,40,0
Divesh,Tillich,M,862,749-9056,BAYVILLE,NJ,8721,S,N,70000,2.1885417,1000,0,0
Kazumasa,Heylen,F,719,563-1762,DENVER,CO,80210,M,N,65000,4.63,0,0,0
Lip,Chappelet,M,810,688-4014,EAU CLAIRE,MI,49111,S,Y,10000,3.9,3100,0,3100
Hanmao,Shinagawa,M,402,974-7167,GRETNA,NE,68028,S,Y,70000,6.84,103,0,103
Svetlana,Gerace,F,801,596-8001,ANETH,UT,84510,M,Y,30000,7,0,4950,2475
Tiiu,Tsunakawa,F,808,585-7258,KANEOHE,HI,96744,S,Y,55000,8.25,1040,0,1040
Krishnamurthy,Wolfram,F,904,351-4346,PANACEA,FL,32346,M,Y,50000,0,0,0,0
Tripatinder,Sekita,F,845,397-5487,PRATTSVILLE,NY,12468,M,Y,90000,4.475,0,0,1000
Shigetoshi,Prade,M,414,277-1633,BRANDON,WI,53919,S,N,60000,5.488912,700,0,0
Sitki,Iacobovici,M,808,973-6436,FORT SHAFTER,HI,96858,M,N,85000,8.25,0,2080,0
Ognian,Noth,F,503,354-2618,GILCHRIST,OR,97737,S,Y,70000,9,159,0,159
Peternela,Rahmat,F,618,697-1139,ROCKBRIDGE,IL,62081,M,Y,80000,3,0,4000,2000
Alistair,Oberhuber,M,701,544-8765,MICHIGAN,ND,58259,M,Y,90000,2.7990127,0,6600,3300
Zhenyi,Anker,F,208,295-9182,SPIRIT LAKE,ID,83869,S,Y,15000,5.529042,3300,0,3300
Takuyu,Rama,F,229,526-5058,BROOKS,GA,30205,M,N,40000,6,0,5400,0
Laird,Farhi,M,307,569-9324,ROCK RIVER,WY,82083,S,N,70000,0,0,0,0
Landon,Maehly,M,304,770-4935,SAINT MARYS,WV,26170,M,N,30000,4.4,0,4000,0
Kimmo,Silly,F,541,381-7484,CORNELIUS,OR,97113,S,N,65000,9,159,0,0
Shair,Yelland,M,479,750-8749,NEWHOPE,AR,71959,M,N,25000,6.16338,0,40,0
Deane,Reblewski,M,706,593-3180,DOUGLASVILLE,GA,30135,M,Y,10000,6,0,5400,3000
Camil,Alberdi,M,219,950-2540,FORT WAYNE,IN,46858,S,N,35000,3.4,1000,0,0
Damianos,Niblett,M,207,236-8133,WEST BETHEL,ME,4286,S,N,40000,8.5,2850,0,0
Iasson,Gurd,F,623,868-5429,SIERRA VISTA,AZ,85635,S,Y,45000,3.4125,2100,0,2300
Jianqiang,Wynblatt,F,803,131-6770,GRESHAM,SC,29546,S,N,30000,7,3300,0,0
Zakarriae,Krohn,M,862,203-6903,PALMYRA,NJ,8065,S,Y,50000,1.873125,1000,0,1500
Celia,Lichnewsky,M,207,377-2250,WALDOBORO,ME,4572,S,Y,20000,8.5,2850,0,2850
Boutros,Howkins,F,443,348-9316,ELLICOTT CITY,MD,21043,S,N,30000,4.75,2400,0,0
Kaylan,Chattopadhyay,M,414,985-9144,ALBANY,WI,53502,M,Y,100000,6.183918,0,1400,400
Gaochao,Tatsuta,F,802,160-4063,WEST DUMMERSTON,VT,5357,S,Y,5000,3.6,3300,0,3300
Tadanori,Anjan,M,406,576-9423,TOSTON,MT,59643,M,Y,100000,6.9,0,3800,1900
Luc,Ranum,M,785,170-8199,HOLLENBERG,KS,66946,S,N,15000,3.5,2250,0,0
Telle,Heiler,F,307,713-2167,CENTENNIAL,WY,82055,S,Y,90000,0,0,0,0
Odoardo,Thomsen,M,580,177-1471,TULSA,OK,74171,M,N,80000,6.25,0,2000,0
Jaber,Pineo,F,320,754-8929,MONTICELLO,MN,55563,S,Y,15000,5.35,3300,0,3300
Yosi,Friedman,M,848,715-5824,JERSEY CITY,NJ,7302,M,N,80000,2.34625,0,2000,0
Wallace,Comellas,M,502,872-2440,WORTHINGTON,KY,41183,S,Y,75000,6,20,0,20
Colette,Standish,M,850,592-2653,MIAMI,FL,33181,M,Y,95000,0,0,0,0
Amokrane,Ranst,M,803,352-9108,HARTSVILLE,SC,29550,M,Y,60000,7,0,6600,3300
Aristidis,Santucci,F,773,902-7214,NEW LENOX,IL,60451,S,N,40000,3,2000,0,0
Gongzhu,Kadobayashi,F,620,819-5995,GOODLAND,KS,67735,S,Y,40000,6.45,2250,0,2250
Rajamani,Banare,M,660,548-1481,SOUTH FORK,MO,65776,S,N,40000,6,2100,0,0
Andee,Bars,M,401,107-4662,NORTH PROVIDENCE,RI,2911,M,N,10000,0,0,0,0
Hiu,Saraswat,M,205,506-8797,BIRMINGHAM,AL,35222,S,N,30000,5,1500,0,0
Hartmut,Redmill,F,508,696-4554,WEST NEWBURY,MA,1985,M,Y,60000,5.3,0,7150,1000
Judi,Wijesekera,M,207,212-8037,SOUTH THOMASTON,ME,4858,M,N,65000,8.5,0,5700,0
Adri,Terziyan,M,407,766-3340,BRADENTON,FL,34205,S,N,60000,0,0,0,0
Gregg,Leifker,F,785,989-5895,VASSAR,KS,66543,M,N,95000,6.45,0,4500,0
Takehiro,Alshuth,M,580,370-3633,ALTUS AFB,OK,73523,S,Y,25000,6.25,1000,0,1000
Dnnald,Szmurlo,M,913,974-9979,WESTPHALIA,KS,66093,S,Y,70000,6.45,2250,0,2250
Rona,Takeoka,F,608,196-7907,ARENA,WI,53503,M,Y,80000,5.836415,0,1400,400
Birger,Milberg,M,478,358-4741,RABUN GAP,GA,30568,M,Y,70000,6,0,5400,3000
Ratan,Mulatero,F,330,609-5470,LAKEVILLE,OH,44638,S,Y,100000,3.8655128,1300,0,1300
Jake,Pavlovsky,M,405,595-4513,FORGAN,OK,73938,M,Y,35000,6.25,0,2000,1000
Yingping,Desprez,F,908,857-5052,BROWNS MILLS,NJ,8015,S,Y,60000,2.0308332,1000,0,1500
Kit,Helfrich,M,218,201-6875,FAIRMONT,MN,56031,S,Y,5000,5.35,3300,0,3300
Adil,Rohrbach,F,775,711-6077,GOLDFIELD,NV,89013,S,N,30000,0,0,0,0
Bonggi,Chock,F,856,414-7198,BUENA,NJ,8310,M,N,10000,1.4,0,2000,0
Lem,Yasuda,F,801,622-7119,SANDY,UT,84091,S,N,95000,7,2475,0,0
Othmar,Nessett,F,304,625-6135,HUNTINGTON,WV,25710,M,N,50000,5.8,0,4000,0
Maurita,Mints,F,787,635-1638,QUEBRADILLAS,PR,678,M,Y,55000,0,0,0,0
Uffe,Calderbank,F,425,133-2382,TACOMA,WA,98416,S,Y,55000,0,0,0,0
Arunachalam,Awong,M,801,989-7669,FAYETTE,UT,84630,S,N,75000,7,2475,0,0
Richards,Cannon,F,702,107-7084,LAS VEGAS,NV,89178,M,Y,45000,0,0,0,0
Chinho,Scalabrin,F,734,447-4148,ORLEANS,MI,48865,M,N,100000,3.9,0,6200,0
Krister,Sitver,M,440,255-9363,TWINSBURG,OH,44087,M,Y,25000,1.3758974,0,2600,1300
Dino,Graeb,M,720,713-8370,PARADOX,CO,81429,S,N,40000,4.63,0,0,0
Ratilal,Chiueh,F,606,710-1400,HARRODSBURG,KY,40330,M,N,30000,3.5,0,40,0
Karon,Altis,M,731,308-1475,HURON,TN,38345,M,Y,65000,0,0,0,0
Rogelio,Beninger,M,401,649-1344,PROVIDENCE,RI,2940,S,N,15000,0,0,0,0
Jan,Takano,F,316,938-9913,GARFIELD,KS,67529,M,Y,45000,6.45,0,4500,2250
Djamila,Veccia,F,270,967-2986,MC DOWELL,KY,41647,S,N,50000,4.611111,20,0,0
Swen,Meriem,F,215,405-9117,PITTSBURGH,PA,15266,M,Y,45000,3.07,0,0,0
Christodoulakis,Koeller,F,978,850-6821,EAST PRINCETON,MA,1517,M,N,20000,5.3,0,7150,0
Jacquelyn,Schwartzel,F,281,377-6737,SAN BENITO,TX,78586,S,N,10000,0,0,0,0
Keikichi,Schalk,M,303,368-6572,KARVAL,CO,80823,M,Y,90000,4.63,0,0,0
Chinho,Kearns,F,301,297-6509,VIENNA,MD,21869,S,N,85000,4.75,2400,0,0
Ferran,Poigne,F,801,264-9340,RUSH VALLEY,UT,84069,M,Y,35000,7,0,4950,2475
Sujoy,Ashworth,F,636,689-5116,WATSON,MO,64496,S,Y,45000,6,2100,0,1200
Milvio,Baig,F,913,178-8448,HADDAM,KS,66944,S,Y,65000,6.45,2250,0,2250
Xiaoyong,Lovengreen,F,605,836-8972,KYLE,SD,57752,S,N,50000,0,0,0,0
Naoyoshi,Gentina,F,430,114-5835,CAMPBELLTON,TX,78008,M,N,85000,0,0,0,0
Raed,Pinho,M,909,622-2613,SAN FRANCISCO,CA,94110,S,N,30000,6.590543,87,0,0
Mingjian,Schroeppel,F,785,469-9993,ELBING,KS,67041,M,Y,85000,6.45,0,4500,2250
Aggis,Morrison,F,865,185-9016,KINGSTON SPRINGS,TN,37082,M,N,30000,0,0,0,0
Xumin,Ade,F,720,209-2632,DENVER,CO,80295,S,Y,100000,4.63,0,0,0
Namick,Parson,M,847,962-1771,MARK,IL,61340,S,Y,55000,3,2000,0,2000
Femi,Mandelberg,F,303,578-2188,COLORADO SPRINGS,CO,80936,S,N,50000,4.63,0,0,0
Yannich,Bladen,F,312,803-3013,ROCKFORD,IL,61109,M,N,95000,3,0,4000,0
Kon,Amandi,F,815,293-9728,SAILOR SPRINGS,IL,62879,M,Y,25000,3,0,4000,2000
Manvinder,Basarab,F,323,898-6186,ALHAMBRA,CA,91804,S,N,85000,9.3,87,0,0
Sokratis,Leeuw,M,202,339-7244,WASHINGTON,DC,20585,M,Y,100000,9,0,2740,1370
Haichen,Vietze,M,419,484-9108,CINCINNATI,OH,45238,S,N,55000,2.3717437,1300,0,0
Blake,Hoffman,M,949,842-6321,FRESNO,CA,93765,S,Y,80000,9.3,87,0,272
Zicheng,Staffelbach,F,313,203-3627,DETROIT,MI,48214,S,N,10000,3.9,3100,0,0
Cong,Thimbleby,M,571,145-7921,VIENNA,VA,22180,S,N,60000,5.75,900,0,0
Emmanuelle,Jullig,M,410,335-1390,BROOKLANDVILLE,MD,21022,S,N,95000,4.75,2400,0,0
Predrag,Putzolu,M,337,912-8586,NEW ORLEANS,LA,70146,M,Y,40000,6,0,9000,1000
Facundo,Hechler,F,971,826-9518,HOOD RIVER,OR,97031,S,Y,10000,9,159,0,159
Zongji,Daul,F,301,927-4551,BALTIMORE,MD,21282,S,Y,35000,4.75,2400,0,2400
Chrisila,Piveteau,M,603,833-8738,LITTLETON,NH,3561,M,Y,35000,0,0,0,0
Volkhard,McElwain,M,610,211-6945,STURGEON,PA,15082,S,N,45000,3.07,0,0,0
Lyman,Atarashi,F,859,340-2624,TOMPKINSVILLE,KY,42167,S,Y,5000,2.1111112,20,0,20
Shunichi,Hixon,F,339,126-9081,NORTH ATTLEBORO,MA,2760,S,Y,30000,5.3,3575,0,1000
Amnon,Oberweis,F,425,601-2461,LAKEWOOD,WA,98499,M,N,80000,0,0,0,0
Arden,Shinozawa,M,701,871-7927,OAKES,ND,58474,S,Y,90000,2.7990127,3300,0,3300
Huisheng,Galiana,F,570,936-3506,PITTSBURGH,PA,15239,S,Y,60000,3.07,0,0,0
Kristina,Abraham,F,434,570-4438,MOUNT SOLON,VA,22843,M,Y,50000,5.75,0,1800,900
Fredy,Ostertag,M,870,998-9446,BLACK ROCK,AR,72415,M,Y,65000,7,0,40,20
Takuya,Silva,M,501,860-4058,CENTERTON,AR,72719,M,Y,50000,7,0,40,20
Annemarie,Rummel,F,601,925-3966,WINTERVILLE,MS,38782,M,Y,70000,5,0,12000,1500
Tomonari,Curless,F,425,932-9526,AMANDA PARK,WA,98526,M,Y,85000,0,0,0,0
Icel,McCloskey,F,724,640-3617,CONNELLSVILLE,PA,15425,M,N,85000,3.07,0,0,0
Yadong,Mansanne,M,228,610-2645,MAYHEW,MS,39753,S,Y,90000,5,6000,0,1500
Tilmann,Wedberg,F,404,292-3132,DENTON,GA,31532,S,Y,95000,6,2700,0,3000
Surapong,Erdogan,F,417,552-8703,BALLWIN,MO,63021,M,N,20000,6,0,4200,0
Katsutoshi,Gracer,M,256,161-9291,AKRON,AL,35441,S,Y,35000,5,1500,0,300
Betty,Speek,M,703,587-2006,HERNDON,VA,20170,S,N,80000,5.75,900,0,0
Toshimori,Kruck,F,239,590-8466,MIAMI,FL,33190,S,Y,45000,0,0,0,0
Yoshitomo,Sollner,M,509,845-4994,MATLOCK,WA,98560,M,Y,15000,0,0,0,0
Kazutomo,Namjoshi,F,870,709-2227,MOUNTAIN HOME,AR,72653,M,Y,55000,7,0,40,20
Elvia,Tischendorf,F,910,465-1129,ELIZABETH CITY,NC,27909,M,N,5000,6,0,6600,0
Klichiro,Guangyi,M,812,379-2358,LEESBURG,IN,46538,S,Y,90000,3.4,1000,0,1000
Johannes,Carpineto,M,207,132-3258,PALERMO,ME,4354,S,N,95000,8.5,2850,0,0
Jade,Cockrell,M,802,104-2928,HARDWICK,VT,5843,S,N,15000,3.6,3300,0,0
Massimo,Gjerlov,M,603,374-6767,NORTH HAMPTON,NH,3862,S,Y,40000,0,0,0,0
Yasukazu,Nassor,M,334,352-5190,RAMER,AL,36069,M,N,55000,5,0,3000,0
WingNing,Setiz,F,318,228-4194,SAINT LANDRY,LA,71367,S,N,95000,6,4500,0,0
Dante,Abadi,M,202,720-7534,WASHINGTON,DC,20424,M,N,20000,6.75,0,2740,0
Eugenia,Borzovs,F,774,364-3932,NORTH GRAFTON,MA,1536,M,Y,10000,5.3,0,7150,1000
Edward,Pollermann,F,701,802-4162,FORDVILLE,ND,58231,S,N,95000,2.8569736,3300,0,0
Kamyar,Telichevesky,M,505,690-9986,UTE PARK,NM,87749,M,Y,80000,5.3,0,6600,3300
Ugis,Forum,M,865,301-6410,BELL BUCKLE,TN,37020,S,N,50000,0,0,0,0
Detlev,Wolfram,M,715,188-9965,SOLON SPRINGS,WI,54873,S,Y,95000,6.097042,700,0,400
DoKyeong,Badache,M,206,559-3510,OAKESDALE,WA,99158,S,Y,5000,0,0,0,0
Iskander,Sybre,F,616,592-1968,MECOSTA,MI,49332,M,Y,40000,3.9,0,6200,3100
Waldemar,Gaitonde,F,401,572-3542,HARRISVILLE,RI,2830,S,N,95000,0,0,0,0
Shaogang,Beigel,M,603,896-8203,WOODSTOCK,NH,3293,S,N,25000,0,0,0,0
Masamichi,Elustondo,F,308,551-8747,OXFORD,NE,68967,S,Y,40000,6.84,103,0,103
Minshine,Plesniewicz,F,720,907-8610,MASONVILLE,CO,80541,S,Y,40000,4.63,0,0,0
Kare,Palomar,M,757,304-5037,PORT ROYAL,VA,22535,S,N,20000,5.75,900,0,0
Jiansan,Hollenbeck,F,718,584-4470,FRESH MEADOWS,NY,11365,M,Y,100000,4.5329266,0,0,1000
Vlado,Lycklama,M,720,564-3117,STEAMBOAT SPRINGS,CO,80477,S,Y,35000,4.63,0,0,0
Aksenti,Thanh,F,630,983-1027,LIMA,IL,62348,S,Y,85000,3,2000,0,2000
Raph,Brossler,F,907,270-3152,MINTO,AK,99758,S,Y,25000,0,0,0,0
Maitreya,Pavlotskaya,F,570,192-1503,SAYRE,PA,18840,S,Y,70000,3.07,0,0,0
Shreekant,Yeung,F,207,575-5503,MILFORD,ME,4461,M,N,95000,8.5,0,5700,0
Tasuya,Tretkoff,M,605,210-5161,KRANZBURG,SD,57245,S,N,25000,0,0,0,0
Nicolo,Maamir,F,304,846-1315,BIRCH RIVER,WV,26610,S,Y,45000,5.45,2000,0,2000
Dariu,Katona,M,603,858-1309,NEW DURHAM,NH,3855,S,N,100000,0,0,0,0
Prasadram,Willamowski,M,406,917-2663,HELENA,MT,59601,S,N,95000,6.9,1900,0,0
Xingbin,Besl,M,406,362-2603,MARYSVILLE,MT,59640,M,Y,55000,6.9,0,3800,1900
Christfried,Lyle,M,405,944-6338,GEARY,OK,73040,M,N,10000,6.25,0,2000,0
Vinod,Eisenstadt,F,219,782-2885,NASHVILLE,IN,47448,S,Y,55000,3.4,1000,0,1000
Soummya,Deter,M,401,729-7435,SMITHFIELD,RI,2917,M,Y,55000,0,0,0,0
Mirco,Grieser,F,585,544-5403,BROCTON,NY,14716,S,Y,55000,4.272256,0,0,1000
Akihisa,Trystram,F,435,576-6916,DUTCH JOHN,UT,84023,M,N,75000,7,0,4950,0
Byung,Bitton,F,402,896-9258,SYRACUSE,NE,68446,S,N,40000,6.84,103,0,0
Ehsan,Weistroffer,F,321,556-1082,ASTOR,FL,32102,S,N,100000,0,0,0,0
Ashley,Taghva,M,505,667-2921,CLEVELAND,NM,87715,S,Y,30000,5.3,3300,0,3300
Anant,Gerschenfeld,M,770,958-3396,RICEBORO,GA,31323,S,N,10000,6,2700,0,0
Yanggon,Giesl,M,662,391-2481,JACKSON,MS,39282,M,N,15000,5,0,12000,0
Hiroomi,Abate,F,802,656-6422,BETHEL,VT,5032,S,N,80000,4.5967627,3300,0,0
Huisheng,Queinnec,F,928,173-2384,DENNEHOTSO,AZ,86535,S,N,5000,2.87,2100,0,0
Zhisheng,Trunk,M,715,419-5675,WITHEE,WI,54498,M,Y,5000,4.6,0,1400,400
Atte,Joichi,M,907,740-7409,PETERSBURG,AK,99833,S,N,30000,0,0,0,0
Satyan,Rozin,M,401,650-9549,GREENE,RI,2827,M,Y,65000,0,0,0,0
Yuli,Stevens,M,786,353-5795,MAYO,FL,32066,S,Y,75000,0,0,0,0
Ioanna,Beyers,M,551,946-9127,ABSECON,NJ,8205,S,Y,30000,1.5577083,1000,0,1500
Yingjia,Tabak,F,561,296-6894,JACKSONVILLE,FL,32211,M,Y,70000,0,0,0,0
Xiaoshan,Arnette,M,951,169-1677,BIG PINE,CA,93513,S,N,20000,4.2297716,87,0,0
Ikuko,Jaynes,M,401,683-5445,SMITHFIELD,RI,2917,S,Y,35000,0,0,0,0
Aslam,Blache,F,617,447-5362,GRAFTON,MA,1519,M,Y,5000,5.3,0,7150,1000
Yanjie,Kitaev,F,803,720-1158,WEST COLUMBIA,SC,29171,S,N,50000,7,3300,0,0
Miroslava,Moshman,M,812,556-6558,SHELBYVILLE,IN,46176,S,N,75000,3.4,1000,0,0
Annegret,Arimoto,F,406,614-7918,TOSTON,MT,59643,M,Y,70000,6.9,0,3800,1900
Hellmut,Dewan,F,228,559-5489,BOONEVILLE,MS,38829,S,Y,100000,5,6000,0,1500
Gwang,Tavs,M,757,147-7768,CLOVERDALE,VA,24077,M,N,15000,5.214286,0,1800,0
Zhiming,Zykh,F,907,970-2707,HYDER,AK,99923,M,N,5000,0,0,0,0
Melissa,Basu,F,330,450-7851,CASTALIA,OH,44824,M,N,95000,3.6995387,0,2600,0
Huu,Billaud,M,773,508-4076,LINDENWOOD,IL,61049,S,Y,55000,3,2000,0,2000
Hilde,Reeker,M,928,582-9146,PHOENIX,AZ,85061,M,Y,20000,3.0249999,0,4200,2300
Windsor,Mandoiu,F,262,305-7418,LANNON,WI,53046,M,Y,20000,4.7939067,0,1400,400
Reidar,Grignetti,M,401,166-6625,WARWICK,RI,2888,S,Y,40000,0,0,0,0
Teresemarie,Bellatreche,M,609,869-5786,TRENTON,NJ,8691,M,N,95000,2.5828125,0,2000,0
Richara,Feast,F,312,229-6695,OAKWOOD,IL,61858,S,Y,20000,3,2000,0,2000
Pramod,Sewelson,M,907,491-3892,DENALI NATIONAL PARK,AK,99755,S,N,100000,0,0,0,0
Fakher,Foutz,M,320,503-2275,MCGREGOR,MN,55760,S,Y,75000,7.85,3300,0,3300
Duri,Christiansen,M,808,268-7695,HONOLULU,HI,96813,S,Y,65000,8.25,1040,0,1040
Mizuko,Mandelkern,F,605,810-8505,RAMONA,SD,57054,M,N,85000,0,0,0,0
Kosta,Villain,F,907,657-9888,TAKOTNA,AK,99675,S,N,85000,0,0,0,0
Elvis,Gori,M,802,541-3029,SUTTON,VT,5867,S,N,35000,3.7014668,3300,0,0
Hachidai,Birke,M,919,962-1135,KENANSVILLE,NC,28349,S,Y,65000,7.0961537,3300,0,3300
Itaru,Perkowski,M,770,905-9090,ROYSTON,GA,30662,M,N,80000,6,0,5400,0
Fabienne,Jenkins,F,517,753-7558,DETROIT,MI,48226,S,N,5000,3.9,3100,0,0
Okihiko,Ancourt,F,603,522-2015,LINCOLN,NH,3251,S,Y,90000,0,0,0,0
Tatsuya,Simos,F,763,989-2975,SAINT PAUL,MN,55172,M,Y,80000,7.85,0,6600,3300
Gioia,Chenney,F,203,438-3889,NEW HAVEN,CT,6519,M,N,15000,5,0,24500,0
Shiyu,Hillston,M,802,280-3865,HYDEVILLE,VT,5750,S,N,5000,3.6,3300,0,0
Diana,Foucaut,F,563,730-5604,WOOLSTOCK,IA,50599,S,Y,45000,7.111101,40,0,40
Qijia,Rispoli,F,240,747-4051,KITZMILLER,MD,21538,M,Y,10000,4.75,0,4800,2400
Yacoub,Yntema,M,224,733-2186,ULLIN,IL,62992,S,N,90000,3,2000,0,0
Khodi,Bramson,M,863,125-5577,OZONA,FL,34660,S,Y,55000,0,0,0,0
Jent,Bruekers,F,870,986-5872,LAFE,AR,72436,S,Y,55000,7,20,0,20
Amr,Berleant,F,864,958-5931,CLARKS HILL,SC,29821,S,N,75000,7,3300,0,0
Ottavia,Mirankar,F,605,702-3097,LAKE ANDES,SD,57356,M,N,10000,0,0,0,0
Neila,Rivera,M,701,229-3839,CENTER,ND,58530,M,Y,60000,2.451245,0,6600,3300
Vojislav,Schler,M,410,913-6744,TUSCARORA,MD,21790,S,N,5000,4.75,2400,0,0
Gabriele,Luef,F,808,384-6296,HONOLULU,HI,96826,M,N,50000,8.25,0,2080,0
Alenka,Dusink,F,304,441-2274,MCMECHEN,WV,26040,S,Y,40000,5.1000004,2000,0,2000
Erika,Casotto,F,925,695-6599,NEEDLES,CA,92363,M,Y,95000,9.3,0,174,272
Manlio,Poulakidas,M,302,733-7093,CLAYMONT,DE,19703,S,Y,35000,4.245455,110,0,110
Einat,McCluskey,F,971,825-2661,PORTLAND,OR,97207,S,Y,75000,9,159,0,159
Cung,Hallissey,M,913,490-2726,WESTPHALIA,KS,66093,S,N,80000,6.45,2250,0,0
Afonso,Simao,F,623,682-5410,PEACH SPRINGS,AZ,86434,S,Y,20000,3.0249999,2100,0,2300
Eileen,Ormicki,F,260,503-9766,BLOOMINGTON,IN,47402,S,Y,100000,3.4,1000,0,1000
Nasir,Ledin,F,228,916-9461,GULFPORT,MS,39506,M,N,25000,5,0,12000,0
Dhruva,Kaes,F,828,292-2587,CORAPEAKE,NC,27926,S,N,15000,6.0472026,3300,0,0
Masanori,Dollas,M,304,788-8283,VICTOR,WV,25938,S,N,100000,6.5,2000,0,0
Hosahalli,Bing,F,404,633-4440,ARMUCHEE,GA,30105,M,N,85000,6,0,5400,0
Haripriyan,Inada,M,435,418-1527,ANNABELLA,UT,84711,S,N,50000,7,2475,0,0
Vaughan,Benaissa,F,907,702-9084,ANCHORAGE,AK,99508,M,Y,80000,0,0,0,0
Byungki,Schattler,M,520,893-9037,LITTLEFIELD,AZ,86432,S,N,95000,4.1875,2100,0,0
Wiebke,Quisquater,F,623,915-2263,ARLINGTON,AZ,85322,M,Y,50000,3.49,0,4200,2300
Imara,Darche,F,701,556-6714,WILLOW CITY,ND,58384,S,N,25000,2.1,3300,0,0
Miloslav,Rayside,M,662,251-3417,HOLCOMB,MS,38940,M,N,50000,5,0,12000,0
Neophytos,Simmen,F,802,200-7790,GUILDHALL,VT,5905,M,Y,15000,3.6,0,6600,3300
Piriya,Blumann,F,540,423-6033,ROSE HILL,VA,24281,M,Y,5000,2.5357144,0,1800,900
Rahim,Skatulla,M,307,986-7468,CASPER,WY,82609,S,N,65000,0,0,0,0
Yueming,Skinner,F,862,105-3606,TRENTON,NJ,8609,S,Y,45000,1.7942708,1000,0,1500
Kristin,Danecki,F,305,624-5488,CANAL POINT,FL,33438,M,Y,60000,0,0,0,0
Chilukuri,Rozoy,M,334,553-5045,CAMDEN,AL,36726,M,Y,5000,5,0,3000,300
Oskari,Korgen,F,505,802-5712,ESPANOLA,NM,87533,M,Y,30000,5.3,0,6600,3300
Archita,Panagopoulos,F,541,523-4569,CHEMULT,OR,97731,S,Y,35000,9,159,0,159
Hemang,Graehl,F,425,844-3045,ROSALIA,WA,99170,S,N,35000,0,0,0,0
Dawei,Sturmfels,M,316,964-8793,BUNKER HILL,KS,67626,S,N,65000,6.45,2250,0,0
Wynn,Streit,F,307,623-3120,WAMSUTTER,WY,82336,S,N,30000,0,0,0,0
Clovis,Demphlous,M,505,880-8739,LOS LUNAS,NM,87031,S,N,95000,5.3,3300,0,0
Jeane,Midorikawa,F,801,488-8039,SALT LAKE CITY,UT,84150,M,N,35000,7,0,4950,0
Seongsoo,Langtangen,F,787,513-5149,SAN JUAN,PR,923,S,N,50000,0,0,0,0
Luke,Psaltis,M,503,405-5280,GILCHRIST,OR,97737,M,N,80000,9,0,318,0
Miodrag,Heping,M,406,791-2681,SCOBEY,MT,59263,M,N,10000,4.916379,0,3800,0
Szabolcs,Townsend,M,607,101-3022,BINGHAMTON,NY,13905,M,N,40000,4.1853657,0,0,0
Vincente,Luff,F,503,620-2194,FOSSIL,OR,97830,M,N,60000,9,0,318,0
Gianluigi,Whinston,M,360,364-1850,PROSSER,WA,99350,S,Y,20000,0,0,0,0
Cristobal,Schonegge,F,939,566-7757,LUQUILLO,PR,773,M,Y,80000,0,0,0,0
Saeeiab,Vajtersic,M,401,906-8423,NORTH KINGSTOWN,RI,2852,M,N,25000,0,0,0,0
Somasundaram,Cherfaoui,F,423,987-7730,MEMPHIS,TN,38161,S,N,35000,0,0,0,0
Masashi,Peterka,F,567,201-4530,HAYESVILLE,OH,44838,M,N,90000,3.533564,0,2600,0
Jarno,Prado,F,971,807-8414,DEER ISLAND,OR,97054,S,Y,95000,9,159,0,159
Halsur,Papadimitriou,M,440,881-7438,KIRKERSVILLE,OH,43033,M,Y,20000,1.2099231,0,2600,1300
Tanja,Hartroth,M,636,939-2763,CAMERON,MO,64429,S,N,40000,6,2100,0,0
Elham,Shallof,M,505,777-2069,LAS CRUCES,NM,88011,M,N,15000,4.957143,0,6600,0
Mark,Dear,M,802,842-5515,PITTSFORD,VT,5763,S,Y,65000,4.298331,3300,0,3300
Avelino,Lavington,M,970,473-2966,MILLIKEN,CO,80543,M,N,35000,4.63,0,0,0
Nicola,Schuiere,F,401,817-4659,MIDDLETOWN,RI,2842,M,N,25000,0,0,0,0
Lakhdar,Shooman,M,603,169-5259,GILSUM,NH,3448,S,N,30000,0,0,0,0
Atsumi,Piazza,M,201,744-9827,NEWARK,NJ,7175,M,Y,30000,1.5577083,0,2000,1500
Noemi,Roytenberg,F,309,424-7964,LAKE BLUFF,IL,60044,S,Y,60000,3,2000,0,2000
Hugo,Rachid,M,706,465-1205,LAWRENCEVILLE,GA,30042,M,N,80000,6,0,5400,0
Shengzong,Ramras,M,662,219-2499,FAYETTE,MS,39069,M,Y,25000,5,0,12000,1500
Qingda,Dow,F,802,971-7673,READING,VT,5062,M,N,100000,4.994672,0,6600,0
Changyuan,Cadogan,F,401,791-5084,PROVIDENCE,RI,2940,M,Y,85000,0,0,0,0
Gugjon,Protzen,M,201,248-3182,WESTFIELD,NJ,7091,S,N,65000,2.1096876,1000,0,0
Nicolai,Reif,M,336,354-1022,CASAR,NC,28020,M,Y,60000,6.9912586,0,6600,3300
Walt,Estrade,M,405,665-9078,FOSS,OK,73647,S,Y,65000,6.25,1000,0,1000
Constantin,Stroud,F,504,994-5445,WINNFIELD,LA,71483,S,Y,80000,6,4500,0,1000
Xuan,Raum,M,704,203-4638,SEABOARD,NC,27876,M,Y,45000,6.6765733,0,6600,3300
Zhiguo,Robertson,F,802,888-2678,WILLIAMSTOWN,VT,5679,S,N,65000,4.298331,3300,0,0
Falk,Radovic,M,207,660-4643,ROCKWOOD,ME,4478,M,N,5000,2.2135036,0,5700,0
Jihad,Borstler,F,804,288-9104,DRYDEN,VA,24243,S,Y,80000,5.75,900,0,900
Celso,Mavaddat,F,406,106-1880,OLIVE,MT,59343,M,N,55000,6.9,0,3800,0
Thony,Prell,M,253,834-4026,SPOKANE,WA,99213,M,Y,95000,0,0,0,0
Emilio,Muluszynski,F,907,126-4883,HUGHES,AK,99745,M,Y,40000,0,0,0,0
Lidia,Klement,M,701,540-9074,GRASSY BUTTE,ND,58634,S,Y,95000,2.8569736,3300,0,3300
Krystyna,Stacy,M,559,340-5259,FRESNO,CA,93790,S,N,20000,4.2297716,87,0,0
Kunal,Guski,M,202,867-3832,WASHINGTON,DC,20402,M,Y,100000,9,0,2740,1370
Gyora,Venkataraman,M,859,359-6780,EARLINGTON,KY,42410,S,N,35000,3.7777777,20,0,0
Geoffry,Bar,F,586,378-6612,LANSE,MI,49946,S,N,50000,3.9,3100,0,0
Susuma,Arlabosse,M,301,145-9060,LAUREL,MD,20725,M,N,100000,4.75,0,4800,0
Dabid,Ramsey,F,401,539-8299,PROVIDENCE,RI,2907,M,N,15000,0,0,0,0
Yaoqing,Lester,M,307,769-3853,SUPERIOR,WY,82945,S,Y,55000,0,0,0,0
Camilo,Hemmerling,F,334,884-4929,WING,AL,36483,M,Y,40000,5,0,3000,300
Seongyeol,Peyre,F,202,681-2193,WASHINGTON,DC,20032,M,N,15000,5.625,0,2740,0
Noe,Chandhok,F,402,911-5759,MAYWOOD,NE,69038,M,Y,15000,4.7976766,0,206,103
Ethan,Sabharwal,M,662,762-7331,JACKSON,MS,39286,S,Y,55000,5,6000,0,1500
Fakher,Brunovsky,M,913,584-8504,BASEHOR,KS,66007,M,N,90000,6.45,0,4500,0
Deidra,Uemori,M,608,763-4971,KIELER,WI,53812,S,Y,45000,5.228285,700,0,400
Maged,Hoogendoorn,M,808,554-4564,HONOLULU,HI,96848,M,N,30000,6.447368,0,2080,0
Ganesan,Bier,F,434,737-1298,TANNERSVILLE,VA,24377,S,N,15000,5.214286,900,0,0
Ranato,Heimdahl,F,808,803-9951,WAIALUA,HI,96791,S,Y,95000,8.25,1040,0,1040
Saeed,Ciolek,M,617,235-9632,LEICESTER,MA,1524,M,N,10000,5.3,0,7150,0
Vaduvur,Hooper,M,818,979-1940,LA MESA,CA,91941,S,Y,60000,9.3,87,0,272
Mohlalefi,Tabuchi,M,406,258-4248,RAPELJE,MT,59067,M,N,75000,6.9,0,3800,0
Rudolph,Narwekar,F,802,812-2575,EAST FAIRFIELD,VT,5448,M,N,80000,4.5967627,0,6600,0
Servet,Esteves,F,601,637-8285,FRIARS POINT,MS,38631,M,N,20000,5,0,12000,0
Cordelia,Braden,M,907,176-8581,DILLINGHAM,AK,99576,S,N,30000,0,0,0,0
Qingda,Goni,F,574,623-4573,SOUTH BEND,IN,46615,M,Y,60000,3.4,0,2000,1000
Doyne,Littlestone,M,315,123-6472,WATERTOWN,NY,13603,M,Y,100000,4.5329266,0,0,1000
Kazuyoshi,Dan,M,802,786-6831,MONTPELIER,VT,5602,S,N,60000,4.1988535,3300,0,0
Mahadevamurty,Marsiglia,F,610,146-5867,JONESTOWN,PA,17038,M,N,5000,3.07,0,0,0
Hidetsune,Seinturier,M,775,862-3032,HENDERSON,NV,89052,S,Y,100000,0,0,0,0
Balas,Sobolewski,F,205,721-6184,HAYDEN,AL,35079,M,N,45000,5,0,3000,0
Yulun,Adachi,M,314,555-4780,ARNOLD,MO,63010,S,Y,100000,6,2100,0,1200
Aura,Isahara,M,208,481-3556,PICABO,ID,83348,S,Y,60000,7.8,3300,0,3300
Ludomir,Hammami,M,434,254-3384,BLACKSBURG,VA,24063,M,N,70000,5.75,0,1800,0
Hidde,Douceur,M,304,748-6110,HUNTINGTON,WV,25771,M,N,55000,6.1499996,0,4000,0
Iwao,Wellman,M,808,433-2906,KAPOLEI,HI,96707,M,Y,55000,8.25,0,2080,1040
Mingsen,Schwenkreis,F,361,233-7346,WHITEWRIGHT,TX,75491,M,N,55000,0,0,0,0
Tamar,Syrjanen,M,276,701-4131,NEWPORT NEWS,VA,23605,S,N,60000,5.75,900,0,0
Qutaibah,Freburger,F,302,812-4237,REHOBOTH BEACH,DE,19971,S,N,5000,2.2,110,0,0
Hanmao,Vesna,M,973,619-7481,NORMA,NJ,8347,M,Y,5000,1.4,0,2000,1500
Lokesh,Jeffrey,F,605,309-9687,MOUND CITY,SD,57646,M,N,75000,0,0,0,0
Belli,Kafatos,F,864,470-3950,WINDSOR,SC,29856,S,Y,90000,7,3300,0,3300
Erich,Larin,M,864,114-3217,MYRTLE BEACH,SC,29572,S,Y,60000,7,3300,0,3300
Yohji,Christianson,M,787,651-9127,SAN JUAN,PR,937,M,N,15000,0,0,0,0
Suryanarayana,Cappello,F,775,984-1467,GARDNERVILLE,NV,89460,S,Y,5000,0,0,0,0
Issam,Gurer,F,423,971-5263,MILLEDGEVILLE,TN,38359,M,Y,50000,0,0,0,0
Jawad,Banerji,M,507,640-5156,HAYFIELD,MN,55940,S,Y,5000,5.35,3300,0,3300
Dershung,Castel,M,352,280-3613,HOLLYWOOD,FL,33021,M,N,5000,0,0,0,0
Adwait,Antao,M,320,698-8764,WAYZATA,MN,55391,S,N,45000,6.6568303,3300,0,0
Xiuzhen,Verhaegh,M,602,991-5580,PRESCOTT,AZ,86301,S,Y,65000,3.7224998,2100,0,2300
Abe,Deokar,M,505,592-2205,ESPANOLA,NM,87532,S,N,90000,5.3,3300,0,0
Francine,Anjur,F,207,576-2904,ORLAND,ME,4472,S,N,55000,8.5,2850,0,0
Jackie,Redon,F,939,901-3909,CAROLINA,PR,988,M,Y,50000,0,0,0,0
Fulong,Melter,M,207,966-1379,CUSHING,ME,4563,S,Y,10000,4.5857663,2850,0,2850
Carleton,Journel,M,314,272-3132,KANSAS CITY,MO,64172,S,N,100000,6,2100,0,0
Anestis,Miles,M,702,639-2962,CARSON CITY,NV,89713,M,Y,45000,0,0,0,0
Jasper,Hardaway,F,939,362-4899,MAUNABO,PR,707,M,N,45000,0,0,0,0
Xiaodong,Holmberg,M,720,252-7708,WINDSOR,CO,80551,M,N,45000,4.63,0,0,0
Sigalit,Rovere,M,505,510-2438,BOSQUE,NM,87006,M,Y,25000,5.3,0,6600,3300
Rashi,Mukund,M,352,205-1696,MADISON,FL,32341,S,N,75000,0,0,0,0
Iabelle,Kaka,M,309,795-6979,MOUNT CARROLL,IL,61053,S,N,15000,3,2000,0,0
Gwoboa,Birke,M,810,376-4915,PARMA,MI,49269,M,Y,90000,3.9,0,6200,3100
Karla,Kubera,M,304,874-8343,FISHER,WV,26818,M,N,25000,4.05,0,4000,0
Carine,Eltgroth,F,973,832-8867,DOVER,NJ,7802,S,Y,40000,1.7154167,1000,0,1500
Joon,Belyaev,M,570,794-8917,RALSTON,PA,17763,M,Y,5000,3.07,0,0,0
Martha,Desikan,F,985,309-6500,MONROE,LA,71202,S,Y,95000,6,4500,0,1000
Kokou,Pinzani,M,404,633-3112,STATESBORO,GA,30460,S,Y,80000,6,2700,0,3000
Gertrud,Blix,M,308,884-6765,OFFUTT A F B,NE,68113,S,Y,65000,6.84,103,0,103
Vishu,Matzel,M,208,511-9286,BRUNEAU,ID,83604,S,N,50000,7.8,3300,0,0
Ilagit,Krzyzanowski,F,484,270-9441,ROBESONIA,PA,19551,M,Y,25000,3.07,0,0,0
Emilia,Holmback,F,650,121-1740,DARWIN,CA,93522,M,N,20000,4.2297716,0,174,0
Hidehito,Carboni,M,207,832-2510,CENTER LOVELL,ME,4016,M,N,30000,8.5,0,5700,0
Woojin,Hendler,F,936,420-9900,KILLEEN,TX,76542,M,N,65000,0,0,0,0
Margareta,Rosendahl,F,208,284-5353,BOISE,ID,83717,S,N,80000,7.8,3300,0,0
Hermina,Iman,M,302,960-6534,WILMINGTON,DE,19807,M,Y,15000,2.8818183,0,220,110
Dushyanth,Lampaert,F,541,259-4011,JORDAN VALLEY,OR,97910,M,Y,85000,9,0,318,159
Joscha,Kiesler,F,207,368-4695,DENNYSVILLE,ME,4628,M,Y,90000,8.5,0,5700,2850
Laurentiu,McCaskill,M,641,476-6768,WILLIAMS,IA,50271,S,Y,80000,8.98,40,0,40
Jega,Frauenstein,M,570,122-3853,EDGEMONT,PA,19028,M,Y,45000,3.07,0,0,0
Eyeun,Siksek,F,410,701-1242,HYATTSVILLE,MD,20787,M,Y,100000,4.75,0,4800,2400
Predrag,Petzsch,M,407,622-7821,GREENVILLE,FL,32331,S,Y,45000,0,0,0,0
Veit,Barriere,F,217,787-8213,CHICAGO,IL,60614,S,N,35000,3,2000,0,0
Filioppo,Schober,M,503,215-3513,PORTLAND,OR,97230,M,Y,60000,9,0,318,159
Cuie,Sandrasegaran,F,202,149-2528,WASHINGTON,DC,20413,M,N,60000,9,0,2740,0
Hirohisa,Szilard,M,605,237-4217,SIOUX FALLS,SD,57103,M,N,100000,0,0,0,0
Giuseppa,Pragasky,F,907,447-5857,ANCHORAGE,AK,99515,S,N,55000,0,0,0,0
Annika,Court,M,281,857-7958,SAN ANGELO,TX,76909,S,N,90000,0,0,0,0
Xipeng,Shikarpur,M,856,694-4674,TOMS RIVER,NJ,8757,S,Y,90000,2.5039582,1000,0,1500
Sujata,Ranon,F,225,452-8832,ELMER,LA,71424,M,N,35000,6,0,9000,0
Kostoula,Muldowney,M,724,867-4279,AUDUBON,PA,19407,S,Y,85000,3.07,0,0,0
Niladri,Spira,M,860,249-3171,GREENWICH,CT,6836,S,Y,30000,5,12750,0,0
Rangasami,Amorim,F,651,160-5133,NORTHROP,MN,56075,M,Y,15000,5.35,0,6600,3300
Mehmet,Brykczynski,F,920,567-5451,FRANCIS CREEK,WI,54214,M,Y,90000,6.010166,0,1400,400
Shoichi,Kehtarnavaz,M,304,328-7307,BURTON,WV,26562,M,N,50000,5.8,0,4000,0
Zhenyi,Pordesch,F,786,454-6718,DAYTONA BEACH,FL,32122,M,Y,15000,0,0,0,0
Joseph,Cordy,F,208,815-6474,PARKER,ID,83438,M,N,40000,7.8,0,6600,0
Haruhisa,Hasker,M,660,551-3814,GORDONVILLE,MO,63752,M,N,90000,6,0,4200,0
