index,provider_number,name,address_1,address_2,address_3,city,state,zip,county,phone,type,owner,emergency_service,condition,measure_code,measure_name,score,sample,state_average
1,10018,callahan eye foundation hospital,1720 university blvd,empty,empty,birmingham,al,35233,jefferson,2053258100,acute care hospitals,voluntary non-profit - private,yes,surgical infection prevention,scip-card-2,surgery patients who were taking heart drugs caxxed beta bxockers before coming to the hospitax who were kept on the beta bxockers during the period just before and after their surgery,empty,empty,al_scip-card-2
2,10018,callahan eye foundation hospital,1720 university blvd,empty,empty,birmingham,al,35233,jefferson,2053258100,acute care hospitals,voluntary non-profit - private,yes,surgical infection prevention,scip-inf-1,surgery patients who were given an antibiotic at the right time (within one hour before surgery) to help prevent infection,empty,empty,al_scip-inf-1
3,10018,callahan eye foundation hospital,1720 university blvd,empty,empty,birmingham,al,35233,jefferson,2053258100,acute care hospitals,voluntary non-profit - private,yes,surgical infection prevention,scip-inf-2,surgery patients who were given the  right kind  of antibiotic to help prevent infection,empty,empty,al_scip-inf-2
4,10018,callahan eye foundation hospital,1720 university blvd,empty,empty,birminghxm,al,35233,jefferson,2053258100,acute care hospitals,voluntary non-profit - private,yes,surgical infection prevention,scip-inf-3,surgery patients whose preventive antibiotics were stopped at the right time (within 24 hours after surgery),empty,empty,al_scip-inf-3
5,10018,callahan eye foundation hospital,1720 university blvd,empty,empty,birmingham,al,35233,jefferson,2053258100,acute care hospitals,voluntary non-profit - private,yes,surgical infection prevention,scip-inf-4,all heart surgery patients whose blood sugar (blood glucose) is kept under good control in the days right after surgery,empty,empty,al_scip-inf-4
6,10018,callahan eye foundation hospital,1720 university blvd,empty,empty,birmingham,al,35233,jefferson,2053258100,acute care hospitals,voluntary non-profit - private,yes,surgical infection prevention,scip-inf-6,surgery patients needing hair removed from the surgical area before surgery who had hair removed using a safer method (electric clippers or hair removal cream c not a razor),empty,empty,al_scip-inf-6
7,10018,callahan eye foundation hospital,1720 university blvd,empty,empty,birmingham,al,35233,jefferson,2053258100,acute care hospitals,voluntary non-profit - private,yes,surgical infection prevention,scip-vte-1,surgery patients whose doctors ordered treatments to prevent blood clots after certain types of surgeries,empty,empty,al_scip-vte-1
8,10018,callahan eye foundation hospital,1720 university blvd,empty,empty,birmingxam,al,35233,jefferson,2053258100,acute care hospitals,voluntary non-profit - private,yes,surgical infection prevention,scip-vte-2,patients who got treatment  at the right time (within 24 hours before or after their surgery) to help prevent blood clots after certain types of surgery,empty,empty,al_scip-vte-2
9,10019,helen keller memorial hospital,1300 south montgomery avenue,empty,empty,sheffield,al,35660,jefferson,2563864556,acute care hospitals,government - hospital district or authority,yes,heart attack,ami-1,heart attack patients given aspirin at arrival,97%,33 patients,al_ami-1
10,10019,helen keller memorial hospital,1300 south montgomery avenue,empty,empty,sheffield,al,35660,jefferson,2563864556,acute care hospitals,government - hospital district or authority,yes,heart attack,ami-2,heart attack patients given aspirin at discharge,92%,13 patients,al_ami-2
11,10019,helen keller memorial hospital,1300 south montgomery avenue,empty,empty,sheffxeld,al,35660,jefferson,2563864556,acute care hospitals,government - hospital district or authority,yes,heart attack,ami-3,heart attack patients given ace inhibitor or arb for left ventricular systolic dysfunction (lvsd),75%,4 patients,al_ami-3
12,10019,helen keller memorial hospital,1300 south montgomery avenue,empty,empty,sheffield,al,35660,jefferson,2563864556,acute care hospitals,government - hospital district or authority,yes,heart attack,ami-4,heart attack patients given smoking cessation advice/counseling,100%,4 patients,al_ami-4
13,10019,helen keller memorial hospital,1300 south montgomery avenue,empty,empty,sheffield,al,35660,jefferson,2563864556,acute care hospitals,government - hospital district or authority,yes,heart attack,ami-5,heart attack patients given beta blocker at discharge,86%,14 patients,al_ami-5
14,1xx19,helen keller memorial hospital,1300 south montgomery avenue,empty,empty,sheffield,al,35660,jefferson,2563864556,acute care hospitals,government - hospital district or authority,yes,heart attack,ami-7a,heart attack patients given fibrinolytic medication within 30 minutes of arrival,empty,0 patients,al_ami-7a
15,10019,helen keller memorial hospital,1300 south montgomery avenue,empty,empty,sheffield,al,35660,jefferson,2563864556,acute care hospitals,government - hospital district or authority,yes,heart attack,ami-8a,heart attack patients given pci within 90 minutes of arrival,empty,0 patients,al_ami-8a
16,10019,helen keller memorial hospital,1300 south montgomery avenue,empty,empty,sheffield,al,35660,jefferson,2563864556,acute care hospitals,government - hospital district or authority,yes,heart failure,hf-1,heart failure patients given discharge instructions,80%,114 patients,al_hf-1
17,10019,helen keller memorial hospital,1300 south montgomery avenue,empty,empty,sheffield,al,35660,jefferson,2563864556,acuxe care hospixals,government - hospital district or authority,yes,heart failure,hf-2,heart failure patients given an evaluation of left ventricular systolic (lvs) function,99%,149 patients,al_hf-2
18,10019,helen keller memorial hospital,1300 south montgomery avenue,empty,empty,sheffield,al,35660,jefferson,2563864556,acute care hospitals,government - hospital district or authority,yes,heart failure,hf-3,heart failure patients given ace inhibitor or arb for left ventricular systolic dysfunction (lvsd),92%,3x patients,al_hf-3
19,10019,helen keller memorial hospital,1300 south montgomery avenue,empty,empty,sheffield,al,35660,jefferson,2563864556,acute care hospitals,government - hospital district or authority,yes,heart failure,hf-4,heart failure patients given smoking cessation advice/counseling,100%,41 patients,al_hf-4
20,10001,southeast alabama medical center,1108 ross clark circle,empty,empty,dothan,al,36302,houston,3347938701,acute care hospitals,government - hospital district or authority,yes,heart attack,ami-1,heart attack patients given aspirin at arrival,98%,270 patients,al_ami-1
21,10001,southeast alabama medical center,1108 ross clark circle,empty,empty,dothan,al,36302,houston,3347938701,acute care hospitals,government - hospital district or authority,yes,heart attack,ami-2,heart attack patients given aspirin at discharge,99%,516 patients,al_ami-2
22,10001,southeast alabama medical center,1108 ross clark circle,empty,empty,dothan,al,36302,houston,3347938701,acute care hospitals,government - hospital district or authority,yes,heart attaxk,ami-3,heart attack patients given ace inhibitor or arb for left ventricular systolic dysfunction (lvsd),96%,71 patients,al_ami-3
23,10001,southeast alabama medical center,1108 ross clark circle,empty,empty,dothan,al,36302,houston,3347938701,acute care hospitals,government - hospxtal dxstrxct or authorxty,yes,hearx axxack,ami-4,heart attack patients given smoking cessation advice/counseling,100%,244 patients,al_ami-4
24,10001,southeast alabama medical center,1108 ross clark circle,empty,empty,dothan,al,36302,houston,3347938701,acute care hospitals,government - hospital district or authority,yes,heart attack,ami-5,heart attack patients given beta blocker at discharge,99%,441 patients,al_ami-5
25,10001,southeast alabama medical center,1108 ross clark circle,empty,empty,dothan,al,36302,houston,334793870x,acute care hospitals,government - hospital district or authority,yxs,heart attack,ami-7a,heart attack patients given fibrinolytic medication within 30 minutes of arrival,empty,0 patients,al_ami-7a
26,10001,southeast alabama medical center,1108 ross clark circle,empty,empty,dothan,al,36302,houston,3347938701,acute care hospitals,government - hospital district or authority,yes,heart attack,ami-8a,heart attack patients given pci within 90 minutes of arrival,72%,40 patients,al_ami-8a
27,10001,southeast alabama medxcal center,1108 ross clark circle,empty,empty,dothan,al,36302,houston,3347938701,acute care hospitals,government - hospital district or authority,yes,heart failure,hf-1,heart failure patients given discharge instructions,78%,455 patients,al_hf-1
28,10001,southeast alabama medical center,1108 ross clark circle,empty,empty,dothan,al,36302,houston,3347938701,acute care hospitals,government - hospital xistrict or authority,yes,heart failure,hf-2,heart failure patients given an evaluation of left ventricular systolic (lvs) function,99%,514 patients,al_hf-2
29,10001,southeast alabama medical center,1108 ross clark circle,empty,empty,dothan,al,36302,houston,3347938701,acute care hospitals,government - hospital district or authority,yes,heart failure,hf-3,heart failure patients given ace inhibitor or arb for left ventricular systolic dysfunction (lvsd),91%,165 patients,al_hf-3
30,10001,southeast alabama medical center,1108 ross clark circle,empty,empty,dothan,al,36302,houston,3347938701,acute care hospitals,government - hospital district or authority,yes,heart failure,hf-4,heart failure patients given smoking cessation advice/counseling,100%,110 patients,al_hf-4
31,10001,southeast alabama medical center,1108 ross clark circle,empty,empty,dothan,al,36302,houston,3347938701,acute care hospitals,government - hospital district or authority,yes,pneumonia,pn-2,pneumonia patients assessed and given pneumococcal vaccination,93%,191 patients,al_pn-2
32,10001,southeast alabama medical center,1108 ross clark circle,empty,empty,dothan,al,36302,houston,3347938701,acute care hospitals,governmenx - hospixal disxricx or auxhorixy,yes,pneumonia,pn-3b,pneumonia patients whose initial emergency room blood culture was performed prior to the administration of the first hospital dose of antibiotics,89%,125 patients,al_pn-3b
33,10001,southeast alabama medical center,1108 ross clark circle,empty,empty,dothan,al,36302,houston,3347938701,acute care hospitals,government - hospital district or authority,yes,pneumonia,pn-4,pneumonia patients given smoking cessation advice/counseling,99%,107 patients,al_pn-4
34,10001,southeast alabama medical center,1108 ross clark circle,empty,empty,dothan,al,36302,houston,3347938701,acute care hospitals,government - hospital district or authority,yes,pneumonia,pn-5c,pneumonia patients given initial antibiotic(s) within 6 hours after arrival,92%,196 patients,al_pn-5c
35,10001,southeast alabama medical center,1108 ross clark circle,empty,empty,dothan,al,36302,houston,3347938701,acute care hospitals,government - hospital district or authority,yes,pneumonia,pn-6,pneumonia patients given the most appropriate initial antibiotic(s),80%,147 patients,al_pn-6
36,10001,southeast alabama medical center,1108 ross clark circle,empty,empty,dothan,al,36302,houston,3347938701,acute care hospitals,government - hospital district or authority,yes,pneumonia,pn-7,pneumonia patients assessed and given influenza vaccination,84%,160 patients,al_pn-7
37,10001,southeast alabama medical center,1108 ross clark circle,empty,empty,dothan,al,36302,houston,xx479x8701,acute care hospitals,government - hospital district or authority,yes,surgical infection prevention,scip-card-2,surgery patients who were taking heart drugs called beta blockers before coming to the hospital who were kept on the beta blockers during the period just before and after their surgery,72%,79 patients,al_scip-card-2
38,10001,southeast alabama medical center,1108 ross clark circle,empty,empty,dothan,al,36302,houston,3347938701,acute care hospitals,government - hospital district or authority,yes,surgical infection prevention,scip-inf-1,surgery patients who were given an antibiotic at the right time (within one hour before surgery) to help prevent infection,94%,399 patients,al_scip-inf-1
39,10001,southeast alabama medical center,1108 ross clark circle,empty,empty,dothan,al,36302,houston,3347938701,acute care hospitals,government - hospital district or authority,yes,surgical infection prevention,scip-inf-2,surgery patients who were given the  right kind  of antibiotic to help prevent infection,98%,405 patients,al_scip-inf-2
40,10001,southeast alabama medical center,1108 ross clark circle,empty,empty,dothan,al,36302,houston,3347938701,acxte care hospitals,government - hospital district or authority,yes,surgical infection prevention,scip-inf-3,surgery patients whose preventive antibiotics were stopped at the right time (within 24 hours after surgery),88%,385 patients,al_scip-inf-3
41,10001,southeast alabama medical center,1108 ross clark circle,empty,empty,dothan,al,36302,houston,3347938701,acute care hospitals,government - hospital district or authority,yes,surgical infection prevention,scip-inf-4,all heart surgery patients whose blood sugar (blood glucose) is kept under good control in the days right after surgery,96%,136 patients,al_scip-inf-4
42,10001,southeast alabama medical center,1108 ross clark circle,empty,empty,dothan,al,36302,houston,3347938701,acute care hospitals,government - hospital district or authority,yes,surgical infection prevention,scip-inf-6,surgery patients needing hair removed from the surgical area before surgery who had hair removed using a safer method (electric clippers or hair removal cream c not a razor),90%,537 patients,al_scip-inf-6
43,10001,southeast alabama medical center,1108 ross clark circle,empty,empty,dothan,xl,36302,houston,3347938701,acute care hospitals,gxvernment - hxspital district xr authxrity,yes,surgical infection prevention,scip-vte-1,surgery patients whose doctors ordered treatments to prevent blood clots after certain types of surgeries,86%,185 patients,al_scip-vte-1
44,10001,southeast alabama medical center,1108 ross clark circle,empty,empty,dothan,al,36302,houston,3347938701,acute care hospitals,government - hospital district or authority,yex,surgical infection prevention,scip-vte-2,patients who got treatment  at the right time (within 24 hours before or after their surgery) to help prevent blood clots after certain types of surgery,83%,184 patients,al_scip-vte-2
45,10005,marshall medical center south,2505 u s highway 431 north,empty,empty,boaz,al,x5957,marshall,2565938310,acute care hospitals,government - hospital district or authority,yes,heart attack,ami-1,heart attack patients given aspirin at arrival,80%,20 patients,al_ami-1
46,x0005,marshall medical center south,2505 u s highway 431 north,empty,empty,boaz,al,35957,marshall,2565938310,acute care hospitals,government - hospital district or authority,yes,heart attack,ami-2,heart attack patients given aspirin at discharge,60%,5 patients,al_ami-2
47,10005,marshall medical center south,2505 u s highway 431 north,empty,empty,boaz,xl,35957,marshall,2565938310,acute care hospitals,government - hospital district or authority,yes,heart attack,ami-3,heart attack patients given ace inhibitor or arb for left ventricular systolic dysfunction (lvsd),100%,2 patients,al_ami-3
48,10005,marshall medical center south,2505 u s highway 431 north,empty,empty,boaz,al,35957,marshall,2565938310,acute care hospitals,government - hospital district or authority,yes,heart attack,ami-4,heart attack patients given smoking cessation advice/counseling,empty,0 patients,al_ami-4
49,10005,marshall medical center south,2505 u s highway 431 north,empty,empty,boaz,al,35957,marshall,2565938310,acute care hospitals,government - hospital district or authority,yes,heart attack,ami-5,heart attack patients given beta blocker at discharge,100%,5 patients,al_ami-5
50,10005,marshall medical center south,2505 u s highway 431 north,empty,empty,boaz,al,35957,marshall,2565938310,acute care hospitals,government - hospital district or authority,yes,heart attack,ami-7a,heart attack patients given fibrinolytic medication within 30 minutes of arrival,empty,0 patients,al_ami-7a
51,10005,marshall medical center south,2505 u s highway 431 north,empty,empty,boaz,xl,35957,marshall,2565938310,acute care hospitals,government - hospital district or authority,yes,heart attack,ami-8a,heart attack patients given pci within 90 minutes of arrival,empty,0 patients,al_ami-8a
52,10005,marshall medical center south,2505 u s highway 431 north,empty,empty,boaz,al,35957,marshall,2565938310,acute care hospitals,government - hospital district or authority,yxs,heart failure,hf-1,heart failure patients given discharge instructions,78%,110 patients,al_hf-1
53,10005,marshall medical center south,2505 u s highway 431 north,empty,empty,boaz,al,35957,marshall,2565938310,acute care hospitals,government - hospital district or authority,yes,heart failure,hf-2,heart failure patients given an evaluation of left ventricular systolic (lvs) function,99%,160 patients,al_hf-2
54,10005,marshall medical center south,2505 u s highway 431 north,empty,empty,boaz,al,35957,marshall,2565938310,acute care hospitals,government - hospital district or authority,yes,heart failure,hf-3,heart failure patients given ace inhibitor or arb for left ventricular systolic dysfunction (lvsd),90%,69 patients,al_hf-3
55,10005,marshall medical center south,2505 u s highway 431 north,empty,empty,boaz,al,35957,marshall,2565938310,acute care hospitals,government - hospital district or authority,yes,heart failure,hf-4,heart failure patients given smoking cessation advice/counseling,94%,34 patients,al_hf-4
56,10005,marshall medical center south,2505 u s highway 431 north,empty,empty,boaz,al,35957,marshall,2565938310,acute care hospitals,government - hospital district or authority,yes,pneumonia,pn-2,pneumonia patients assessed and given pneumococcal vaccination,97%,172 patients,al_pn-2
57,10005,marshall medical center south,2505 u s highway 431 north,empty,empty,boxz,al,35957,marshall,2565938310,acute care hospitals,government - hospital district or authority,yes,pneumonia,pn-3b,pneumonia patients whose initial emergency room blood culture was performed prior to the administration of the first hospital dose of antibiotics,97%,120 patients,al_pn-xb
58,10005,marshall medical center south,2505xuxsxhighwayx431xnorth,empty,empty,boaz,al,35957,marshall,2x6x938310,acute care hospitals,government - hospital district or authority,yes,pneumonia,pn-4,pneumonia patients given smoking cessation advice/counseling,97%,98 patients,al_pn-4
59,10005,marshall medical center south,2505 u s highway 431 north,empty,empty,boaz,al,35957,marshall,2565938310,acute care hospitals,government - hospital district or authority,yes,pneumonia,pn-5c,pneumonia patients given initial antibiotic(s) within 6 hours after arrival,96%,211 patients,al_pn-5c
60,10005,marshall medical center south,2505 u s highway 431 north,empty,empty,boaz,al,35957,marshall,2565938310,acute care hospitals,government - hospital district or authority,yes,pneumonia,pn-6,pneumonia patients given the most appropriate initial antibiotic(s),92%,175 patients,al_pn-6
61,10005,marshall medical center south,2505 u s highway 431 north,empty,empty,boaz,al,35957,marshall,2x6x938310,acute care hospitals,government - hospital district or authority,yes,pneumonia,pn-7,pneumonia patients assessed and given influenza vaccination,81%,118 patients,al_pn-7
62,10005,marshall medical center south,2505 u s highway 431 north,empty,empty,boaz,al,35957,marshall,2565938310,acute care hospitals,government - hospital district or authority,yes,surgical infection prevention,scip-card-2,surgery patients who were taking heart drugs called beta blockers before coming to the hospital who were kept on the beta blockers during the period just before and after their surgery,36%,14 patients,al_scip-card-2
63,10005,marshall medical center south,2505 u s highway 431 north,empty,empty,boaz,al,35957,marshall,2565938310,acute care hospitals,government - hospital district or authority,yes,surgical infection prevention,scip-inf-1,surgery patients who were given an antibiotic at the right time (within one hour before surgery) to help prevent infection,96%,168 patients,al_scip-inf-1
64,10005,marshall medical center south,2505 u s highway 431 north,empty,empty,boaz,al,3595x,marshall,2565938310,acute care hospitals,government - hospital district or authority,yes,surgical infection prevention,scip-inf-2,surgery patients who were given the  right kind  of antibiotic to help prevent infection,93%,167 patients,al_scip-inf-2
65,10005,marshall medical center south,2505 u s highway 431 north,empty,empty,boaz,al,35957,marshall,2565938310,acute care hospitals,government - hospital district or authority,yes,surgical infection prevention,scip-inf-3,surgery patients whose preventive antibiotics were stopped at the right time (within 24 hours after surgery),95%,158 patients,al_scip-inf-3
66,10005,marshall medical center south,2505 u s highway 431 north,empty,empty,boaz,al,35957,marshall,2565x38310,acute care hospitals,government - hospital district or authority,yes,surgical infection prevention,scip-inf-4,all heart surgery patients whose blood sugar (blood glucose) is kept under good control in the days right after surgery,empty,0 patients,al_scip-inf-4
67,10005,marshall medical center south,2505 u s highway 431 north,empty,empty,boaz,al,35957,marshall,2565938310,acute care hospitals,government - hospital district or authority,yes,surgical infection prevention,scip-inf-6,surgery patients needing hair removed from the surgical area before surgery who had hair removed using a safer method (electric clippers or hair removal cream c not a razor),100%,237 patients,al_scip-inf-6
68,10005,marshall medical center south,2505 u s highway 431 north,empty,empty,boaz,al,35957,mxrshxll,2565938310,acute care hospitals,government - hospital district or authority,yes,surgical infection prevention,scip-vte-1,surgery patients whose doctors ordered treatments to prevent blood clots after certain types of surgeries,78%,76 patients,al_scip-vte-1
69,10005,marshall medical center south,2505 u s highway 431 north,empty,empty,boaz,al,35957,marshall,2565938310,acute care hospitals,government - hospital district or authority,yes,surgical infection prevention,scip-vte-2,patients who got treatment  at the right time (within 24 hours before or after their surgery) to help prevent blood clots after certain types of surgery,74%,76 patients,al_scip-vte-2
70,10006,eliza coffee memorial hospital,205 marengo street,empty,empty,florence,al,35631,lauderdale,2567688400,acute care hospitals,voluntary non-profit - other,yes,heart attack,ami-1,heart attack patients given aspirin at arrival,97%,159 patients,al_amx-1
71,10006,eliza coffee memorial hospital,205 marengo street,empty,empty,florence,al,3563x,lauderdale,2567688400,acute care hospitals,voluntary non-profit - other,yes,heart attack,ami-2,heart attack patients given aspirin at discharge,96%,247 patients,al_ami-2
72,10006,eliza coffee memorial hospital,205 marengo street,empty,empty,florence,al,35631,lauderdale,2567688400,acute care hospitals,voluntary non-profit - other,yes,heart attack,ami-3,heart attack patients given ace inhibitor or arb for left ventricular systolic dysfunction (lvsd),93%,43 patients,al_ami-3
73,10006,eliza coffee memorial hospital,205 marengo street,empty,empty,florence,al,35631,laudxrdalx,2567688400,acute care hospitals,voluntary non-profit - other,yes,heart attack,ami-4,heart attack patients given smoking cessation advice/counseling,100%,103 patients,al_ami-4
74,10006,eliza coffee memorial hospital,205 marengo street,empty,empty,florence,al,35631,lauderdale,2567688400,acute care hospitals,voluntary non-profit - other,yes,hearx axxack,ami-5,heart attack patients given beta blocker at discharge,96%,227 patients,al_ami-5
75,10006,eliza coffee memorial hospital,205 marengo street,empty,empty,florence,al,35631,lauderdale,2567688400,acute care hospitals,voluntary non-profit - other,yes,heart attack,ami-7a,heart attack patients given fibrinolytic medication within 30 minutes of arrival,empty,0 patients,al_ami-7a
76,10006,eliza coffee memorial hospital,205 marengo street,empty,empty,florence,al,35631,lauderdale,2567688400,acute care hospitals,voluntary non-profit - other,yes,heart attack,ami-8a,heart attack patients given pci within 90 minutes of arrival,98%,61 patients,al_ami-8a
77,10006,eliza coffee memorial hospital,205 marengo street,empty,empty,florence,al,35631,lauderdale,2567688400,acute care hospitals,voluntary non-profit - other,yes,heart failure,hf-1,heart failure patients given discharge instructions,79%,217 patients,al_hf-1
78,10006,eliza coffee memorial hospital,205 marengo street,empty,empty,florence,al,35631,laudexdale,2567688400,acute care hospitals,voluntary non-profit - other,yes,heart failure,hf-2,heart failure patients given an evaluation of left ventricular systolic (lvs) function,97%,259 patients,al_hf-2
79,10006,eliza coffee memorial hospital,205 marengo street,empty,empty,florence,al,35631,lauderdale,2567688400,acute care hospitals,voluntary non-profit - other,yes,heart failure,hf-3,heart failure patients given ace inhibitor or arb for left ventricular systolic dysfunction (lvsd),82%,84 patients,al_hf-3
80,10006,eliza coffee memorial hospital,205 marengo street,empty,empty,fxorence,al,35631,lauderdale,2567688400,acute care hospitals,voluntary non-profit - other,yes,heart failure,hf-4,heart failure patients given smoking cessation advice/counseling,100%,53 patients,al_hf-4
81,10006,eliza coffee memorial hospital,205 marengo street,empty,empty,florence,al,35631,lauderdale,2567688400,acute care hospitals,voluntary non-profit - other,yes,pneumonia,pn-2,pneumonia patients assessed and given pneumococcal vaccination,90%,174 patients,al_pn-2
82,1000x,eliza coffee memorial hospital,205 marengo street,empty,empty,florence,al,35631,lauderdale,2567688400,acute care hospitals,voluntary non-profit - other,yes,pneumonia,pn-3b,pneumonia patients whose initial emergency room blood culture was performed prior to the administration of the first hospital dose of antibiotics,95%,137 patients,al_pn-3b
83,10006,eliza coffee memorial hospital,205 marengo street,empty,empty,florence,al,35631,lauderdale,2567688400,acute care hospitals,voluntary non-profit - other,yes,pneumonia,pn-4,pneumonia patients given smoking cessation advice/counseling,100%,65 patients,al_pn-4
84,10006,eliza coffee memorial hospital,205 marengo street,empty,empty,florence,xl,35631,lauderdale,2567688400,acute care hospitals,voluntary non-profit - other,yes,pneumonia,pn-5c,pneumonia patients given initial antibiotic(s) within 6 hours after arrival,96%,200 patients,al_pn-5c
85,10006,eliza coffee memorial hospital,205 marengo street,empty,empty,florence,al,35631,lauderdale,2567688400,acute care hospitals,voluntary non-profit - other,yes,pneumonia,pn-6,pneumonia patients given the most appropriate initial antibiotic(s),91%,138 patients,al_pn-6
86,10006,eliza coffee memorial hospital,205 marengo street,empty,empty,florence,al,35631,lauderdale,2567688400,acute care hospitals,voluntary non-profit - other,yes,pneumonia,pn-7,pneumonia patients assessed and given influenza vaccination,88%,85 patients,al_pn-7
87,10006,eliza coffee memorial hospital,205 marengo street,empty,empty,florence,al,35631,lauderdale,2567688400,acute care hospitals,voluntary non-profit - other,yes,surgical infection prevention,scip-card-2,surgery patients who were taking heart drugs called beta blockers before coming to the hospital who were kept on the beta blockers during the period just before and after their surgery,96%,107 patients,al_scip-card-2
88,10006,eliza coffee memorial hospital,205 marengo street,empty,empty,florence,al,35631,lauderdale,2567688400,acute care hospitals,voluntary non-profit - other,yes,surgical infection prevention,scip-inf-1,surgery patients who were given an antibiotic at the right time (within one hour before surgery) to help prevent infection,99%,457 patients,al_scip-inf-1
89,10006,eliza coffee memorial hospital,205 marengo street,empty,empty,florxncx,al,35631,lauderdale,2567688400,acute care hospitals,voluntary non-profit - other,yes,surgical infection prevention,scip-inf-2,surgery patients who were given the  right kind  of antibiotic to help prevent infection,99%,462 patients,al_scip-inf-2
90,10006,eliza coffee memorial hospital,205 marengo street,empty,empty,florence,al,35631,lauderdale,2567688400,acute care hospitals,voluntary non-profit - other,yes,surgical infection prevention,scip-inf-3,surgery patients whose preventive antibiotics were stopped at the right time (within 24 hours after surgery),94%,439 patients,al_scip-inf-3
91,10006,eliza coffee memorial hospital,205 marengo street,empty,empty,florence,al,35631,lauderdale,2567688400,acute care hospitals,voluntary non-profit - other,yes,surgical infection prevention,scip-inf-4,all heart surgery patients whose blood sugar (blood glucose) is kept under good control in the days right after surgery,89%,130 patients,al_scip-inf-4
92,10006,eliza coffee memorial hospital,205 marengo street,empty,empty,florence,al,35631,lauderdale,2567688400,acute care hospitals,voluntary non-profit - other,yes,surgical infection prevention,scip-inf-6,surgery patients needing hair removed from the surgical area before surgery who had hair removed using a safer method (electric clippers or hair removal cream c not a razor),100%,619 paxienxs,al_scip-inf-6
93,10006,eliza coffee memorial hospital,205 marengo street,empty,empty,florence,al,35631,lauderdale,2567688400,acute care hospitals,voluntary non-profit - other,yes,surgical infection prevention,scip-vte-1,surgery patients whose doctors ordered treatments to prevent blood clots after certain types of surgeries,95%,242 patients,al_scip-vte-1
94,10006,eliza coffee memorial hospital,205 marengo street,empty,empty,flxrence,al,3563x,lauderdale,2567688400,acute care hospitals,voluntary non-profit - other,yes,surgical infection prevention,scip-vte-2,patients who got treatment  at the right time (within 24 hours before or after their surgery) to help prevent blood clots after certain types of surgery,92%,242 patients,al_scip-vte-2
95,10007,mizell memorial hospital,702xnxmainxst,empty,empty,opp,al,36467,covington,3344933541,acute care hospitals,voluntary non-profit - private,no,heart attack,ami-1,xeart attack patients given aspirin at arrival,60%,5 patients,al_ami-1
96,10007,mizell memorial hospital,702 n main st,empty,empty,opp,al,36467,covington,3344933541,acute care hospitals,voluntary non-profit - private,no,heart attack,ami-2,heart attack patients given aspirin at discharge,50%,2 patients,al_ami-2
97,10007,mizell memorial hospital,702 n main st,empty,empty,opp,al,36467,covington,3344933541,acute care hospitals,voluntary non-profit - private,no,heart attack,ami-3,heart attack patients given ace inhibitor or arb for left ventricular systolic dysfunction (lvsd),empty,0 patients,al_ami-3
98,10007,mizell memorial hospital,702 n main st,empty,empty,opp,al,36467,covington,3344933541,acute care hospitals,voluntary non-profit - private,no,heart attack,axi-4,heart attack patients given smoking cessation advice/counseling,empty,0 patients,al_ami-4
99,10007,mizell memorial hospital,702 n main st,empty,empty,opp,xl,36467,covington,3344933541,acute care hosxitals,voluntary non-profit - private,no,heart attack,ami-5,heart attack patients given beta blocker at discharge,100%,2 patients,al_ami-5
100,10007,mizell memorial hospital,702 n main st,empty,empty,opp,al,36467,covington,3344933541,acute care hospitals,voluntary non-profit - private,no,heart attack,ami-7a,heart attack patients given fibrinolytic medication within 30 minutes of arrival,empty,0 patients,al_ami-7a
101,10007,mizell memorial hospital,702 n main st,empty,empty,opp,al,36467,covington,3344933541,acute care hospitals,voluntary non-profit - private,no,heart attack,ami-8a,heart attack patients given pci within 90 minutes of arrival,empty,0 patients,al_ami-8a
102,10007,mizell memorial hospital,702 n main st,empty,empty,opp,al,36467,covington,3344x33541,acute care hospitals,voluntary non-profit - private,no,heart failure,hfx1,heart failure patients given discharge instructions,98%,59 patients,al_hf-1
103,10007,mizell memorial hospital,702 n main st,empty,empty,opp,al,36467,covington,3344933541,acute care hospitals,voluntary non-profit - private,no,heart failure,hf-2,heart failure patients given an evaluation of left ventricular systolic (lvs) function,87%,76 patients,al_hf-2
104,10007,mizell memorial hospital,702 n main st,empty,empty,opp,al,36467,covington,3344933541,acute care hospitals,voluntary non-profit - private,no,heart failure,hf-3,heart failure patients given ace inhibitor or arb for left ventricular systolic dysfunction (lvsd),64%,14 patients,al_hf-3
105,10007,mizell memorial hospital,702 n main st,empty,empty,opp,al,36467,covington,3344933541,acute care hospitals,voluntary non-profit - private,no,heart failure,hf-4,heart failure patients given smoking cessation advice/counseling,100%,8 patients,al_hf-4
106,10007,mizell memorial hospital,702 n main st,empty,empty,opp,al,36467,covington,3344933541,acute care hospitals,voluntary non-profit - private,no,pneumonia,pn-2,pneumonia patients assessed and given pneumococcal vaccination,87%,85 patients,al_pn-2
107,10007,mizell memorial hospital,702 x maix st,empty,empty,opp,al,36467,covington,3344933541,acute care hospitals,voluntary non-profit - private,no,pneumonia,pn-3b,pneumonia patients whose initial emergency room blood culture was performed prior to the administration of the first hospital dose of antibiotics,78%,64 patients,al_pn-3b
108,10007,mizell memorial hospital,702 n main st,empty,empty,opp,al,36467,covington,3344933541,acute care hospitals,voluntary non-profit - private,no,pneumonia,pn-4,pneumonia patients given smoking cessation advice/counseling,100%,28 patients,al_pn-4
109,10007,mizell memorial hospital,702 n main st,empty,empty,opp,al,36467,covington,3344933541,acute care hospitals,voluntary non-profit - private,no,pneumonia,pnx5c,pneumonia patients given initial antibiotic(s) within 6 hours after arrival,95%,87 patients,al_pn-5c
110,10007,mizell memorial hospital,702 n main st,empty,empty,opp,al,36467,covington,3344933541,acute care hospitals,voluntary non-profit - private,no,pneumonia,pn-6,pneumonia patients given the most appropriate initial antibiotic(s),88%,57 patients,al_pn-6
111,10007,mizell memorial hospital,702 n main st,empty,empty,opp,al,36467,covington,3344933541,acute care hospitals,voluntary non-profit - private,no,pneumonia,pn-7,pneumonia patients assessed and given influenza vaccination,90%,63 patients,al_pn-7
112,10007,mizell memorial hospital,702 n main st,empty,empty,opp,al,36467,covington,3344933541,acute care hospitals,voluntary non-profit - private,no,surgical infection prevention,scip-card-2,surgery patiexts who were takixg heart drugs called beta blockers before comixg to the hospital who were kept ox the beta blockers durixg the period just before axd after their surgery,91%,11 patients,al_scip-card-2
113,10007,mizell memorial hospital,702 n main st,empty,empty,opp,al,36467,covington,3344933541,acute care hospitals,voluntary non-profit - private,no,surgical infection prevention,scip-inf-1,surgery patients who were given an antibiotic at the right time (within one hour before surgery) to help prevent infection,88%,101 patients,al_scip-inf-1
114,10007,mizell memorial hospital,702 n main st,empty,empty,opp,al,36467,covington,3344933541,acute care hospitals,volunxary non-profix - privaxe,no,surgical infection prevention,scip-inf-2,surgery patients who were given the  right kind  of antibiotic to help prevent infection,91%,101 patients,al_scip-inf-2
115,10007,mizell memorial hospital,702 n main st,empty,empty,opp,al,36467,covington,3344933541,acute care hospitals,voluntary non-profit - private,no,surgical infection prevention,scip-inf-3,surgery patients whose preventive antibiotics were stopped at the right time (within 24 hours after surgery),93%,100 patients,al_scip-inf-3
116,10007,mizell memorial hospital,702 n main st,empty,empty,opp,al,36467,covington,3344933541,acute care hospitals,voluntary non-profit - private,no,surgical infection prevention,scip-inf-4,all heart surgery patients whose blood sugar (blood glucose) is kept under good control in the days right after surgery,empty,0 patixnts,al_scip-inf-4
117,10007,mizell memorial hospital,702 n main st,empty,empty,opp,al,36467,covington,3344933541,acute care hospitals,voluntary non-profit - private,no,surgical infection prevention,scip-inf-6,surgery patients needing hair removed from the surgical area before surgery who had hair removed using a safer method (electric clippers or hair removal cream c not a razor),100%,123 patients,al_scip-inf-6
118,10007,mizell memorial hospital,702 n main st,empty,empty,opp,al,36467,covington,3344933541,acute care hospitals,voluntary non-profit - private,no,surgical infection prevention,scip-vte-1,surgery patients whose doctors ordered treatments to prevent blood clots after certain types of surgeries,87%,77 patients,al_scip-vte-1
119,10007,mizell memorial hospital,702 n main st,empty,empty,opp,al,36467,covington,3344933541,acute care hospitals,voluntary non-profit - private,no,surgical infection prevention,scip-vte-2,patients who got treatment  at the right time (within 24 hours before or after their surgery) to help prevent blood clots after certain types of surgery,88%,76 patients,al_scip-vte-2
120,10008,crenshaw community hospital,101 hospital circle,empty,empty,luverne,ax,36049,crenshaw,3343353374,acute care hospitals,government - federal,yes,heart attack,ami-1,heart attack patients given aspirin at arrivax,0%,1 patients,al_ami-1
121,10008,crenshaw community hospital,101 hospital circle,empty,empty,luverne,al,36049,crenshaw,3343353374,acute care hospitals,government - federal,yes,heart attack,axi-2,heart attack patients given aspirin at discharge,x00%,1 patients,al_ami-2
122,10008,crenshaw community hospital,101 hospital circle,empty,empty,luverne,al,36049,crenshaw,3343353374,acute care hospitals,government - federal,yes,heart attack,ami-3,heart attack patients given ace inhibitor or arb for left ventricular systolic dysfunction (lvsd),empty,0 patients,al_ami-3
123,10008,crenshaw community hospital,101 hospital circle,empty,empty,luverne,al,36049,crenshaw,3343353374,acute care hospitals,government - federal,yes,heart attack,ami-4,heart attack patients given smoking cessation advice/counseling,empty,0 patients,al_ami-4
124,10008,crenshaw community hospital,101 hospital circle,empty,empty,luverne,al,36049,crenshaw,3343353374,acute care hospitals,government - federal,yes,heart attack,ami-5,heart attack patients given beta blocker at discharge,0%,1 patients,al_ami-5
125,10008,crenshaw community hospital,101 hospital circle,empty,empty,luverne,al,36049,crenshaw,3343353374,acute care hospitals,government - federal,yes,heart attack,ami-7a,heart attack patients given fibrinolytic medication within 30 minutes of arrival,empty,0 patients,al_ami-7a
126,10008,crenshaw community hospital,101 hospital circle,empty,empty,luverne,al,36049,crenshaw,3343353374,acute care hospitals,government - federal,yes,heart attack,ami-8a,heart attack patients given pci within 90 minutes of arrival,empty,0 patients,al_ami-8a
127,10008,crenshaw community hospital,101 hospital circle,empty,empty,luverne,al,36049,crenshaw,3343353374,acute care hospitals,government - federal,yes,heart failure,hf-1,heart failure patients given discharge instructions,4%,26 patients,al_hf-1
128,10008,crenshaw community hospital,101 hospital circle,empty,empty,luverne,al,36049,crenshaw,3343353374,acute care hospitals,government - federal,yes,heaxt failuxe,hf-2,heart failure patients given an evaluation of left ventricular systolic (lvs) function,72%,39 patients,al_hf-2
129,10008,crenshaw community hospital,101 hospital circle,empty,empty,luverne,al,36049,crenshaw,3343353374,acute care hospitals,government - federal,yes,heart failure,hf-3,heart failure patients given ace inhibitor or arb for left ventricular systolic dysfunction (lvsd),75%,8 patients,al_hf-3
130,10008,crenshaw community hospital,101 hospital circle,empty,empty,luverne,al,36049,crenshaw,3343353374,acute care hospitals,government - federal,yes,heart failure,hf-4,heart failure patients given smoking cessation advice/counseling,0%,5 patients,al_hf-4
131,10008,crenshaw community hospital,101 hospital circle,empty,empty,luverne,al,36049,crenshaw,3343353374,acute care hospitals,government - federal,yes,pneumonia,pn-2,pneumonia patients assessed and given pneumococcal vaccination,25%,16 patients,al_pn-2
132,10008,crenshaw cxmmunity hxspital,101 hospital circle,empty,empty,luverne,al,36049,crenshaw,3343353374,acute care hospitals,government - federal,yes,pneumonia,pn-3b,pneumonia patients whose initial emergency room blood culture was performed prior to the administration of the first hospital dose of antibiotics,93%,15 patients,al_pn-3b
133,10008,crenshaw community hospital,101 hospital circle,empty,empty,luverne,al,36049,crenshaw,3343353374,acute care hospitals,government - federal,yes,pneumonia,pn-4,pneumonia patients given smoking cessation advice/counseling,33%,9 patients,al_pn-4
134,10008,crenshaw community hospital,101 hospital circle,empty,empty,luverne,al,36049,crenshaw,3343353374,acute care hospitals,government - federal,yes,pneumonia,pn-5c,pneumonia patients given initial antibiotic(s) within 6 hours after arrival,95%,21 pxtients,al_pn-5c
135,10008,crenshaw community hospital,101 hospital circle,empty,empty,luverne,al,36049,crenshaw,3343353374,acute care hospitals,government - federal,yes,pneumonia,pn-6,pneumonia patients given the most appropriate initial antibiotic(s),62%,21 patients,al_pn-6
136,10008,crenshaw community hospital,101 hospital circle,empty,empty,luverne,al,36049,crenshaw,3343353374,acute care hospitals,government - federal,yes,pneumonia,pn-7,pneumonia patients assessed and given influenza vaccination,47%,15 patients,al_pn-7
137,10008,crenshaw community hospital,101 hospital circle,empty,empty,luverne,al,36049,crxnshaw,3343353374,acute care hospitals,government - federal,yes,surgical infection prevention,scip-card-2,surgery patients who were taking heart drugs called beta blockers before coming to the hospital who were kept on the beta blockers during the period just before and after their surgery,100%,1 patients,al_scip-card-2
138,10008,crenshaw community hospital,101 hospital circle,empty,empty,luverne,al,36x49,crenshaw,3343353374,acute care hospitals,government - federal,yes,surgical infection prevention,scip-inf-1,surgery patients who were given an antibiotic at the right time (within one hour before surgery) to help prevent infection,100%,2 patients,al_scip-inf-1
139,10008,crenshaw community hospital,101 hospital circle,empty,empty,luverne,al,36049,crenshaw,3343353374,acute care hospitals,government - federal,yes,surgical infection prevention,scip-inf-2,surgery patients who were given the  right kind  of antibiotic to help prevent infection,100%,2 patients,al_scip-inf-2
140,10008,crenshaw community hospital,101 hospital circle,empty,empty,luverne,al,360x9,crenshaw,3343353374,acute care hospitals,government - federal,yes,surgical infection prevention,scip-inf-3,surgery patients whose preventive antibiotics were stopped at the right time (within 24 hours after surgery),100%,2 patients,al_scip-inf-3
141,10008,crenshaw community hospital,101 hospital circle,empty,empty,luverne,ax,36049,crenshaw,3343353374,acute care hospitals,government - federal,yes,surgical infection prevention,scip-inf-4,all heart surgery patients whose blood sugar (blood glucose) is kept under good control in the days right after surgery,empty,0 patients,al_scip-inf-4
142,10008,crenshaw community hospital,101 hospital circle,empty,empty,luverne,al,36049,crenshaw,3343353374,acute care hospitals,government - federal,yes,surgical infection prevention,scip-inf-6,surgery patients needing hair removed from the surgical area before surgery who had hair removed using a safer method (electric clippers or hair removal cream c not a razor),100%,4 patients,al_scip-inf-6
143,10008,crenshaw community hospital,101 hospital circle,empty,empty,luverne,al,36049,crenshaw,3343353374,acute care hospitals,government - federal,yes,surgical infection prevention,scip-vte-1,surgery patients whose doctors ordered treatments to prevent blood clots after certain types of surgeries,100%,4 patients,al_scip-vte-1
144,10008,crenshaw community hospital,101 hospital circle,empty,empty,luverne,al,36049,crenshaw,3343353374,acute care hospitals,government - federal,yes,surgical infection prevention,scip-vte-2,patients who got treatment  at the right time (within 24 hours before or after their surgery) to help prevent blood clots after certain types of surgery,100%,4 patients,al_scip-vte-2
145,10009,hartselle medical center,201 pine street northwest,empty,empty,hartselle,al,35640,morgan,2567736511,acute care hospitals,proprietary,yes,heart attack,ami-1,heart attack patients given aspirin at arrival,100%,6 patients,al_ami-1
146,10009,hartselle medical center,201 pine street northwest,empty,empty,hartselle,al,35640,morgan,2567736511,acute care hospitals,proprietary,yes,heart attack,ami-2,heart attaxk patients given aspirin at disxharge,100%,1 patients,al_ami-2
147,10009,hartselle medical center,201 pine street northwest,empty,empty,hartselle,al,35640,morgan,2567736511,acute care hospitals,proprietary,yes,heart attack,ami-3,heart attack patients given ace inhibitor or arb for left ventricular systolic dysfunction (lvsd),100%,1 patients,al_ami-3
148,10009,hartselle medical center,201 pine street northwest,empty,empty,hartselle,al,35640,morgan,2567736511,acute care hospitals,proprietary,yes,heart attack,ami-4,heart attack patients given smoking cessation advice/counseling,100%,2 patients,al_ami-4
149,10009,hartselle medical center,201 pine street northwest,empty,empty,hartselle,al,35640,morgan,2567736511,acute care hospitals,proprietary,yes,heart attack,ami-5,heart attack patients given beta blocker at discharge,100%,3 patients,al_ami-5
150,10009,hartselle medical center,201 pine street northwest,empty,empty,hartselle,al,3x640,morgan,2567736511,acute care hospitals,proprietary,yes,heart attack,ami-7a,heart attack patients given fibrinolytic medication within 30 minutes of arrival,empty,0 patients,al_ami-7a
151,10009,hartselle medical center,201 pine street northwest,empty,empty,hartselle,al,35640,morgan,2567736511,acute care hospitals,proprietary,yes,heart attack,ami-8a,heart attack patients given pci within 90 minutes of arrival,empty,0 patients,al_ami-8a
152,10009,hartselle medical center,201 pine street northwest,empty,empty,hartselle,al,35640,morgan,2567736511,acute care hospitals,proprietary,yes,heart failure,hf-1,heart failure patients given discharge instructions,97%,35 patients,al_hf-1
153,10009,hartselle medical center,201 pine street northwest,empty,empty,hartselle,al,35640,morgan,2567736511,acute care hospitals,proprietary,yes,heart failure,hf-2,heart failure patients given an evaluation of left ventricular systolic (lvs) function,98%,42 patients,al_hf-2
154,10009,hartselle medical center,201 pine street northwest,empty,empty,hartselle,al,35640,morgan,2567736511,acute care hospitals,proprietary,yes,heart failure,hf-3,heart failure patients given ace inhibitor or arb for left ventricular systolic dysfunction (lvsd),100%,10 patients,al_hf-3
155,10009,hartselle medical center,201 pine street northwest,empty,empty,hartselle,al,35640,morgan,2567736511,acute care hospitals,proprietary,yes,heart failure,hf-4,heart failure patients given smoking cessation advice/counseling,100%,12 patients,al_hf-4
156,10009,hartselle medical center,201 pine street northwest,empty,empty,hartselle,al,35640,morgan,2567736511,acute care hospitals,proprietary,yes,pneumonia,pn-2,pneumonia patients assessed and given pneumococcal vaccination,98%,44 patients,al_pn-2
157,10009,hartselle medical center,201 pine street northwest,empty,empty,hartselle,al,35640,morgan,2567736511,acute care hospitals,proprietary,yes,pneumonia,pn-3b,pneumonia patients whose initial emergency room blood culture was performed prior to the administration of the first hospital dose of antibiotics,100%,30 patients,al_pn-3b
158,10009,hartselle medical center,201 pine street northwest,empty,empty,hartselle,al,3x640,morgan,2567736511,acute care hospitals,pxopxietaxy,yxs,pneumonia,pn-4,pneumonia patients given smoking cessation advice/counseling,100%,25 patients,al_pn-4
159,10009,hartselle medical center,201 pine street northwest,empty,empty,hartselle,al,35640,morgan,2567736511,acute care hospitals,proprietary,yes,pneumonia,pn-5c,pneumonia patients given initial antibiotic(s) within 6 hours after arrival,9x%,51 patients,al_pn-5c
160,10009,hartselle medical center,201 pine street northwest,empty,empty,hartselle,al,35640,morgan,2567736511,acute care hospitals,proxrietary,yes,pneumonia,pn-6,pneumonia patients given the most appropriate initial antibiotic(s),100%,45 patients,al_pn-6
161,10009,hartselle medical center,201 pine street northwest,empty,empty,hartselle,al,35640,morgan,2567736511,acute care hospitals,proprietary,yes,pneumonia,pn-7,pneumonia patients assessed and given influenza vaccination,97%,30 patients,al_pn-7
162,10009,hartselle medical center,201 pine sxreex norxhwesx,empty,empty,hartselle,al,35640,morgan,2567736511,acute care hospitals,proprietary,yes,surgical infection prevention,scip-card-2,surgery patients who were taking heart drugs called beta blockers before coming to the hospital who were kept on the beta blockers during the period just before and after their surgery,67%,3 patients,al_scip-card-2
163,10009,hartselle medical center,201 pine street northwest,empty,empty,hartselle,al,35640,morgan,2567736511,acute care hospitals,xroprietary,yes,surgical infection prevention,scip-inf-1,surgery patients who were given an antibiotic at the right time (within one hour before surgery) to help prevent infection,100%,6 patients,al_scip-inf-1
164,10009,hartselle medical center,201 pine street northwest,empty,empty,hartselle,al,35640,morgan,2567736511,acute care hospitals,proprietary,yes,surgical infection prevention,scip-inf-2,surgery patients who were given the  right kind  of antibiotic to help prevent infection,x7%,7 patients,al_scip-inf-2
165,10009,hartselle medical center,201 pine street northwest,empty,empty,hartselle,al,35640,morgan,2567736511,acute care hospitals,pxopxietaxy,yes,surgical infection prevention,scip-inf-3,surgery patients whose preventive antibiotics were stopped at the right time (within 24 hours after surgery),80%,5 patients,al_scip-inf-3
166,10009,hartselle medical center,201 pine street northwest,empty,empty,hartselle,ax,35640,morgan,2567736511,acute care hospitals,proprietary,yes,surgical infection prevention,scip-inf-4,all heart surgery patients whose blood sugar (blood glucose) is kept under good control in the days right after surgery,empty,0 patients,al_scip-inf-4
167,10009,hartselle medical center,201 pine street northwest,empty,empty,hartselle,al,35640,morgan,2567736511,acute care hospitals,proprietary,yes,surgical infection prevention,scip-inf-6,surgery patients needing hair removed from the surgical area before surgery who had hair removed using a safer method (electric clippers or hair removal cream c not a razor),100%,xx patients,al_scip-inf-6
168,10009,hartselle medical center,201 pine street northwest,empty,empty,hartselle,al,35640,morgan,2567736511,acute care hospitals,proprietary,yes,surgical infection prevention,scip-vte-1,surgery patients whose doctors ordered treatments to prevent blood clots after certain types of surgeries,78%,9 patients,al_scip-vte-1
169,10009,hartselle medical center,201 pine street northwest,empty,empty,hartselle,al,35640,morgan,2567736511,acute care hospitals,proprietary,yes,surgical infection prevention,scip-vte-2,patients who got treatment  at the right time (within 24 hours before or after their surgery) to help prevent blood clots after certain types of surgery,78%,9 patients,al_scip-vte-2
170,10010,marshall medical center north,8000 alabama highway 69,empty,empty,guntersville,al,35976,marshall,2565718000,acute care hospitals,government - hospital district or authority,yes,heart attack,ami-1,heart attack patients given aspirin at arrival,100%,8 patients,al_ami-1
171,10010,marshall medical center north,8000 alabama highway 69,empty,empty,guntersville,al,35976,marshall,2565718000,acute care hospitals,government - hospital district or authority,yes,heart attack,ami-2,heart attack patients given aspirin at discharge,100%,6xpatients,al_ami-2
172,10010,marshall medical cenxer norxh,8000 alabama highway 69,empty,empty,guntersville,al,35976,marshall,2565718000,acute care hospitals,government - hospital district or authority,yes,heart attack,ami-3,heart attack patients given ace inhibitor or arb for left ventricular systolic dysfunction (lvsd),50%,2 patients,al_ami-3
173,10010,marshall medical center north,8000 alabama highway 69,empty,empty,guntersville,al,35976,marshall,2565718000,acute care hospitals,government - hospital district or authority,yes,heart attack,ami-4,heart attack patients given smoking cessation advice/counseling,100%,2 patients,al_ami-4
174,10010,marshall medical center north,8000 alabama highway 69,empty,empty,guntersville,al,35976,marshall,2565718000,acute care hospitals,government - hospital district or authority,yes,heart attack,ami-5,heart attack patients given beta blocker at discharge,83%,6 patients,al_ami-5
175,10010,marshall medical center north,8000 alabama highway 69,empty,empty,guntersville,al,35976,marshall,2565718000,acute care hospitals,government - hospital district or authority,yes,heart attack,ami-7a,heart attack patients given fibrinolytic medication within 30 minutes of arrival,empty,0 patients,al_ami-7a
176,10010,marshall medical center north,8000 alabama xigxway 69,empty,empty,guntersville,al,35976,marshall,2565718000,acute care hospitals,government - hospital district or authority,yes,heart attack,ami-8a,heart attack patients given pci within 90 minutes of arrival,empty,0 patients,al_ami-8a
177,10010,marshall medical center north,8000 alabama highway 69,empty,empty,guntersville,al,35976,marshall,2565718000,acute care hospitals,government - hospital district or authority,yes,heart failure,hf-1,heart failure patients given discharge instructions,93%,55 patients,al_hf-1
178,10010,marshall medical center north,8000 alabama highway 69,empty,empty,guntersville,al,35976,marshall,2565718000,acute care hospitals,government - hospital district or authority,yes,heart failure,hf-x,heart failure patients given an evaluation of left ventricular systolic (lvs) function,84%,80 patients,al_hf-2
179,10010,marshall medical center north,8000 alabama highway 69,empty,empty,guntersville,al,35976,marshall,2565718000,acute care hospitals,government - hospital district or authority,yes,heart failure,hf-3,heart failure patients given ace inhibitor or arb for left ventricular systolic dysfunction (lvsd),78%,27 patients,al_hf-3
180,10010,marshall medical center north,8000 alabama highway 69,empty,empty,guntersville,al,35976,marshall,2565718000,acute care hospitals,government - hospital district or authority,yes,heart failure,hf-4,heart failure patients given smoking cessation advice/counseling,100%,10 patients,al_hf-4
181,10010,marshall medical center north,8000 alabama highway 69,empty,empty,guntxrsvillx,al,35976,marshall,2565718000,acute care hospitals,government - hospital district or authority,yes,pneumonia,pn-2,pneumonia patients assessed and given pneumococcal vaccination,87%,128 patients,al_pn-2
182,10010,marshall medical center north,8000 alabama highway 69,empty,empty,guntersville,al,35976,marshall,2565718000,acute care hospitals,government - hospital district or authority,yes,pneumonia,pn-3b,pneumonia patients whose initial emergency room blood culture was performed prior to the administration of the first hospital dose of antibiotics,94%,115 patients,al_pn-3b
183,10010,marshall medical center north,8000 alabama highway 69,empty,empty,guntersville,xl,35976,marshall,2565718000,acute care hospitals,government - hospital district or authority,yes,pneumonia,pn-4,pneumonia patients given smoking cessation advice/counseling,94%,65 patients,al_pn-4
184,10010,marshall medical center north,8000 alabama highway 69,empty,empty,guntersville,al,35976,marshall,2565718000,acute care hospitals,government - hospital district or authority,yes,pneumonia,pn-5c,pneumonia patients given initial antibiotic(s) within 6 hours after arrival,97%,158 patients,al_pn-5c
185,10010,marshall medical center north,8000 alabama highway 69,empty,empty,guntersville,al,35976,marshall,2565718000,acute care hospitals,government - hospital district or authority,yes,pneumonia,pn-6,pneumonia patients given the most appropriate initial antibiotic(s),93%,133 patients,al_pn-6
186,10010,marshall medical center north,8000 alabama highway 69,empty,empty,guntersville,al,35976,marshall,2565718000,acute care hospitals,government - hospital district or authority,yes,pneumonia,pn-7,pneumonia patients assessed and given influenza vaccination,90%,101 patients,al_pn-7
187,10010,marshall medical center north,8000 alabama highway 69,empty,empty,guntersville,al,35976,marshall,2565718000,acute care hospitals,government - hospital district or authority,yes,surgical infection prevention,scip-card-2,surgery patients who were taking heart drugs called beta blockers before coming to the hospital who were kept on the beta blockers during the period just before and after their surgery,86%,14 patients,al_scip-card-2
188,10010,marshall medical center north,8000 alabama highway 69,empty,empty,guntersville,al,35976,marshall,2565718000,acute care hospitals,government - hospital district or authority,yes,surgical infection prevention,scip-inf-1,surgery patients who were given an antibiotic at the right time (within one hour before surgery) to help prevent infection,95x,66 patients,al_scip-inf-1
189,10010,marshall medical center north,8000 alabama highway 69,empty,empty,guntersville,al,35976,marshall,2565718000,acute care hospitals,government - hospital district or authority,yes,surgical infection prevention,scip-inf-2,surgery patients who were given the  right kind  of antibiotic to help prevent infection,91%,64 patients,al_scip-inf-2
190,10010,marshall medical center north,8000 alabama highway 69,empty,empty,guntersville,al,35976,marshall,2565718000,acute care hospitals,government - hospital district or authority,yes,surgical infection prevention,scip-inf-3,surgery patients whose preventive antibiotics were stopped at the right time (within 24 hours after surgery),100%,63 patients,al_scip-inf-3
191,10010,marshall medical center north,8000 alabama highway 69,empty,empty,guntersville,al,35976,marshall,2565718000,acute care hospitals,government - hospital district or authority,yes,surgical infection prevention,scip-inx-4,all heart surgery patients whose blood sugar (blood glucose) is kept under good control in the days right after surgery,empty,0 patients,al_scip-inf-4
192,10010,marshall medical center north,8000 alabama highway 69,empty,empty,guntersville,al,35976,marshall,2565718000,acute care hospitals,government - hospital district or authority,yes,surgical infection prevention,scip-inf-6,surgery patients needing hair removed from the surgical area before surgery who had hair removed using a safer method (electric clippers or hair removal cream c not a razor),100%,155 patients,al_scip-inf-6
193,10010,marshall medical center north,8000 alabama highway 69,empty,empty,guntersville,al,35976,marshall,2565718000,acute care hospitals,government - hospital district or authority,yes,surgical infection prevention,scip-vte-1,surgery patients whose doctors ordered treatments to prevent blood clots after certain types of surgeries,86%,56 patients,al_scip-vte-1
194,10010,marshall medical center north,8000 alabama highway 69,empty,empty,guntersville,al,35976,marshall,2565718000,acute care hospitals,government - hospital district or authority,yes,surgical infection prevention,scip-vte-2,patients who got treatment  at the right time (within 24 hours before or after their surgery) to help prevent blood clots after certain types of surgery,84%,56 patients,al_scix-vte-2
195,10011,st vincents east,50 medical park east drive,empty,empty,birmingham,al,35235,jefferson,2058383122,acute care hospitals,voluntary non-profit - private,yes,heart attack,ami-1,heart attack patients given aspirin at arrival,99%,240 patients,al_ami-1
196,10011,st vincents east,50 medical park east drive,empty,empty,birmingham,al,35235,jefferson,2058383122,acute care hospitals,voluntary non-profit - private,yes,heart attack,ami-2,heart attack patients given aspirin at discharge,96%,295 patients,al_ami-2
197,10011,st vincents east,50 medical park east drive,empty,empty,birmingham,al,3x23x,jefferson,2058383122,acute care hospitals,voluntary non-profit - private,yes,heart attack,ami-3,heart attack patients given ace inhibitor or arb for left ventricular systolic dysfunction (lvsd),91%,70 patients,al_ami-3
198,10011,st vincents east,50 medical park east drive,empty,empty,birmingham,al,35235,jefferson,2058383122,acute care hospitals,voluntary non-profit - private,yes,heart attack,ami-4,heart attack patients given smoking cessation advice/counseling,100%,131 patients,al_ami-4
199,10011,st vincents east,50 medical park east drive,empty,empty,birmingham,al,35235,jefferson,2058383122,acute care hospitals,voluntary non-profit - private,yes,heart attack,ami-5,heart attack patients given beta blocker at discharge,99%,288 patients,al_ami-5
200,10011,st vincents east,50 medical park east drive,empty,empty,birmingham,al,35235,jefferson,2058383122,acute care hosxitals,voluntary non-profit - private,yes,heaxt attack,ami-7a,heart attack patients given fibrinolytic medication within 30 minutes of arrival,empty,0 patients,al_ami-7a
