ID,src,flight,sched_dep_time,act_dep_time,sched_arr_time,act_arr_time
2,flights,AA-85-JFK-SFO,4:55 p.m.,12:12 p.m.,8:05 p.m.,9:13 a.m.
2052,flytecomm,AA-643-MIA-ORD,9:05 a.m.,7:49 a.m.,8:22 p.m.,2:27 p.m.
8,flights,CO-1586-IAH-MCO,4:55 p.m.,11:30 a.m.,8:05 p.m.,11:50 p.m.
2058,gofox,UA-62-IAH-EWR,9:05 a.m.,8:52 a.m.,11:05 a.m.,1:14 p.m.
2059,boston,UA-37-EDI-EWR,9:05 a.m.,8:52 a.m.,11:53 a.m.,4:09 p.m.
12,foxbusiness,CO-47-IAH-LAX,4:55 p.m.,11:40 a.m.,8:05 p.m.,6:34 p.m.
2060,panynj,UA-37-EDI-EWR,9:05 a.m.,8:52 a.m.,3:50 p.m.,12:09 p.m.
13,phl,UA-233-LAX-JFK,4:55 p.m.,5:08 p.m.,11:05 a.m.,6:36 p.m.
14,flightstats,UA-382-IAD-LAX,4:55 p.m.,5:08 p.m.,9:20 p.m.,5:43 p.m.
2062,ua,UA-37-EDI-EWR,9:05 a.m.,8:52 a.m.,9:21 a.m.,11:21 a.m.
15,helloflight,AA-1007-MIA-PHX,4:55 p.m.,2:44 p.m.,12:10 p.m.,7:55 p.m.
16,myrateplan,AA-1007-MIA-PHX,4:55 p.m.,5:08 p.m.,8:05 p.m.,7:10 p.m.
2065,airtravelcenter,AA-2525-DFW-MIA,1:29 p.m.,8:52 a.m.,4:00 p.m.,4:17 p.m.
19,panynj,AA-1007-MIA-PHX,4:55 p.m.,5:08 p.m.,8:05 p.m.,2:50 p.m.
20,foxbusiness,AA-1279-DFW-PHX,4:55 p.m.,6:57 a.m.,8:05 p.m.,9:14 a.m.
2068,panynj,CO-1561-PHX-IAH,1:29 p.m.,1:48 p.m.,6:40 p.m.,1:43 p.m.
21,flightarrival,AA-1007-MIA-PHX,4:55 p.m.,5:08 p.m.,8:05 p.m.,8:03 p.m.
24,allegiantair,CO-1193-EWR-MCO,6:59 a.m.,7:22 a.m.,10:06 a.m.,10:04 a.m.
2072,flights,UA-37-EWR-MCO,1:29 p.m.,1:48 p.m.,4:17 p.m.,4:56 p.m.
28,gofox,AA-1522-SFO-ORD,6:59 a.m.,7:39 a.m.,11:05 a.m.,10:04 a.m.
2077,foxbusiness,AA-3979-CVG-ORD,1:29 p.m.,1:48 p.m.,11:19 a.m.,6:38 p.m.
31,flightview,AA-1522-SFO-ORD,6:59 a.m.,7:22 a.m.,10:34 a.m.,10:04 a.m.
32,flytecomm,AA-1165-JFK-MIA,6:59 a.m.,7:22 a.m.,10:34 a.m.,9:14 a.m.
2080,allegiantair,AA-3-JFK-LAX,1:29 p.m.,3:11 a.m.,2:50 p.m.,9:45 a.m.
2081,panynj,UA-37-EWR-MCO,1:29 p.m.,11:08 p.m.,4:17 p.m.,4:17 p.m.
2083,foxbusiness,UA-37-EWR-MCO,1:29 p.m.,1:30 p.m.,9:10 p.m.,4:17 p.m.
36,ifly,AA-1165-JFK-MIA,6:59 a.m.,1:31 p.m.,6:17 p.m.,10:04 a.m.
2084,ua,UA-37-EWR-MCO,1:29 p.m.,9:00 p.m.,11:35 a.m.,12:29 a.m.
38,CO,AA-1165-JFK-MIA,6:59 a.m.,7:22 a.m.,11:35 a.m.,3:31 p.m.
39,flightaware,AA-1165-JFK-MIA,6:59 a.m.,7:22 a.m.,1:16 p.m.,10:04 a.m.
2087,flightwise,UA-382-IAD-LAX,12:30 p.m.,7:27 a.m.,1:39 p.m.,3:21 p.m.
2089,aa,AA-415-BOS-ORD,12:30 p.m.,2:10 p.m.,3:19 p.m.,3:21 p.m.
44,weather,AA-1165-JFK-MIA,6:59 a.m.,7:22 a.m.,10:34 a.m.,10:04 a.m.
45,orbitz,CO-1561-PHX-IAH,6:59 a.m.,1:30 p.m.,2:45 p.m.,5:26 p.m.
2093,panynj,UA-382-IAD-LAX,12:30 p.m.,2:44 p.m.,3:19 p.m.,7:58 p.m.
46,panynj,UA-2314-ATL-PHL,6:59 a.m.,7:22 a.m.,6:40 p.m.,1:15 p.m.
47,aa,AA-3809-PHX-LAX,8:00 p.m.,1:30 p.m.,11:45 a.m.,9:53 p.m.
2095,world-flight-tracker,UA-382-IAD-LAX,12:30 p.m.,12:35 p.m.,3:19 p.m.,3:21 p.m.
48,boston,AA-1221-MCO-ORD,8:00 p.m.,1:30 p.m.,2:15 p.m.,11:21 a.m.
2096,flylouisville,UA-2704-DTW-PHX,12:30 p.m.,12:35 p.m.,9:54 a.m.,6:38 p.m.
49,allegiantair,AA-4307-ORD-DTW,8:00 p.m.,1:31 p.m.,9:45 p.m.,2:00 p.m.
56,world-flight-tracker,AA-1221-MCO-ORD,8:00 p.m.,8:23 p.m.,3:19 p.m.,3:50 p.m.
2105,aa,AA-2957-DFW-CVG,12:30 p.m.,12:35 p.m.,1:17 p.m.,10:47 a.m.
59,airtravelcenter,UA-382-IAD-LAX,8:00 p.m.,7:05 a.m.,9:45 p.m.,9:53 p.m.
2108,flightstats,UA-2704-DTW-PHX,12:30 p.m.,3:36 p.m.,3:19 p.m.,3:30 p.m.
61,gofox,UA-3925-IAD-ORF,8:00 p.m.,8:23 p.m.,9:45 p.m.,2:00 p.m.
64,world-flight-tracker,AA-1221-MCO-ORD,8:00 p.m.,7:22 a.m.,9:45 p.m.,9:53 p.m.
2113,panynj,UA-3925-IAD-ORF,8:41 a.m.,8:42 a.m.,12:55 p.m.,9:43 a.m.
2114,flightarrival,AA-1522-SFO-ORD,8:41 a.m.,3:58 p.m.,11:53 a.m.,9:43 a.m.
2115,flightview,UA-3925-IAD-ORF,8:41 a.m.,8:42 a.m.,9:54 a.m.,9:43 a.m.
68,airtravelcenter,AA-649-ORD-SNA,8:00 p.m.,10:20 a.m.,6:23 p.m.,8:45 a.m.
2118,myrateplan,CO-1193-EWR-MCO,8:41 a.m.,12:13 p.m.,9:54 a.m.,9:43 a.m.
2119,ord,AA-2957-DFW-CVG,8:41 a.m.,1:31 p.m.,3:50 p.m.,9:05 a.m.
72,flights,AA-466-IAH-MIA,8:00 p.m.,7:21 a.m.,9:45 p.m.,11:06 a.m.
2120,flylouisville,UA-3925-IAD-ORF,8:41 a.m.,2:55 p.m.,2:50 p.m.,3:04 p.m.
73,world-flight-tracker,AA-1221-MCO-ORD,8:00 p.m.,11:55 a.m.,9:43 a.m.,11:58 a.m.
2121,flightwise,AA-1279-DFW-PHX,8:41 a.m.,3:36 p.m.,2:59 p.m.,9:43 a.m.
2123,foxbusiness,AA-3842-MSP-ORD,8:41 a.m.,1:48 p.m.,9:54 a.m.,11:58 a.m.
76,weather,AA-1279-DFW-PHX,1:00 p.m.,2:04 p.m.,2:35 p.m.,9:14 a.m.
77,allegiantair,AA-3809-PHX-LAX,1:00 p.m.,2:04 p.m.,7:23 a.m.,1:15 p.m.
79,businesstravellogue,AA-2050-ORD-MIA,1:00 p.m.,3:11 a.m.,2:59 p.m.,3:13 p.m.
80,usatoday,CO-1250-MIA-IAH,1:00 p.m.,2:04 p.m.,6:40 p.m.,3:30 p.m.
2129,travelocity,CO-1586-IAH-MCO,8:41 a.m.,8:42 a.m.,11:10 a.m.,9:43 a.m.
83,boston,UA-248-PHX-ORD,1:00 p.m.,6:02 a.m.,10:30 p.m.,1:27 p.m.
84,flights,AA-1279-DFW-PHX,1:00 p.m.,9:00 p.m.,9:43 a.m.,1:27 p.m.
86,flightview,AA-222-LAX-BOS,1:00 p.m.,6:30 p.m.,2:35 p.m.,3:30 p.m.
2134,boston,UA-3925-IAD-ORF,8:41 a.m.,8:42 a.m.,6:40 p.m.,9:43 a.m.
87,mytripandmore,AA-3979-CVG-ORD,1:00 p.m.,8:04 a.m.,2:35 p.m.,2:00 p.m.
2137,world-flight-tracker,AA-1544-SAN-ORD,8:00 a.m.,4:12 p.m.,11:55 a.m.,9:43 a.m.
91,helloflight,AA-1279-DFW-PHX,1:00 p.m.,7:31 a.m.,2:35 p.m.,11:06 a.m.
2139,quicktrip,UA-397-JFK-SFO,8:00 a.m.,8:25 p.m.,1:45 p.m.,7:40 a.m.
93,orbitz,AA-1640-MIA-MCO,1:00 p.m.,2:26 p.m.,12:55 p.m.,1:27 p.m.
2141,flightview,UA-3099-PHX-PHL,8:00 a.m.,8:29 a.m.,11:55 a.m.,11:58 a.m.
2142,flights,UA-382-IAD-LAX,8:00 a.m.,1:19 p.m.,11:55 a.m.,11:58 a.m.
2144,flightview,UA-397-JFK-SFO,8:00 a.m.,12:11 p.m.,3:50 p.m.,11:58 a.m.
2145,flylouisville,UA-397-JFK-SFO,8:00 a.m.,8:29 a.m.,11:05 a.m.,11:58 a.m.
2146,gofox,CO-1586-IAH-MCO,8:00 a.m.,8:29 a.m.,11:55 a.m.,3:30 p.m.
2147,foxbusiness,UA-397-JFK-SFO,8:00 a.m.,8:42 a.m.,11:55 a.m.,7:36 p.m.
2148,flightview,UA-397-JFK-SFO,8:00 a.m.,2:10 p.m.,6:46 p.m.,11:56 a.m.
101,airtravelcenter,AA-1434-DFW-MCO,7:15 a.m.,7:21 a.m.,4:31 p.m.,7:39 p.m.
2151,helloflight,AA-4198-ORD-CLE,8:00 a.m.,8:25 p.m.,3:50 p.m.,9:31 a.m.
104,businesstravellogue,UA-2704-DTW-PHX,7:15 a.m.,11:30 a.m.,10:35 a.m.,5:11 a.m.
2154,flightaware,AA-404-MIA-MCO,8:00 a.m.,8:29 a.m.,4:48 p.m.,7:25 p.m.
107,flights,AA-1434-DFW-MCO,7:15 a.m.,6:30 p.m.,8:27 a.m.,10:36 a.m.
108,flightstats,AA-1886-BOS-MIA,7:15 a.m.,7:21 a.m.,9:24 a.m.,10:29 p.m.
2156,flylouisville,AA-59-JFK-SFO,8:00 a.m.,1:30 p.m.,5:55 p.m.,4:47 p.m.
110,aa,AA-1434-DFW-MCO,7:15 a.m.,7:15 p.m.,10:31 a.m.,5:05 p.m.
111,flytecomm,AA-1434-DFW-MCO,7:15 a.m.,2:04 p.m.,9:40 a.m.,3:13 p.m.
112,flytecomm,AA-1434-DFW-MCO,7:15 a.m.,8:04 a.m.,10:35 a.m.,10:36 a.m.
2160,allegiantair,CO-89-IAH-EWR,6:00 a.m.,5:56 a.m.,5:00 p.m.,7:17 a.m.
114,orbitz,AA-271-MIA-LAX,7:15 a.m.,11:25 p.m.,10:35 a.m.,10:36 a.m.
115,helloflight,CO-1193-EWR-MCO,7:15 a.m.,7:21 a.m.,2:45 p.m.,11:01 a.m.
2163,flightarrival,CO-1090-BOS-IAH,6:00 a.m.,5:56 a.m.,11:45 a.m.,7:17 a.m.
117,mco,AA-431-MIA-SFO,7:15 a.m.,10:19 a.m.,2:35 p.m.,10:36 a.m.
2166,flightstats,UA-414-LAX-SFO,6:00 a.m.,11:55 a.m.,10:45 a.m.,11:50 p.m.
119,orbitz,CO-1561-PHX-IAH,7:15 a.m.,2:48 p.m.,10:35 a.m.,10:36 a.m.
2167,flightview,UA-414-LAX-SFO,6:00 a.m.,11:55 a.m.,7:23 a.m.,7:17 a.m.
120,panynj,AA-1434-DFW-MCO,7:15 a.m.,7:25 a.m.,9:10 p.m.,8:06 a.m.
2169,flytecomm,CO-52-IAH-LAX,6:00 a.m.,8:04 a.m.,7:23 a.m.,4:23 p.m.
2171,gofox,AA-789-ORD-DEN,6:00 a.m.,7:15 p.m.,4:31 p.m.,3:16 p.m.
124,world-flight-tracker,UA-664-ORD-PHL,7:15 a.m.,8:39 p.m.,2:35 p.m.,3:13 p.m.
2172,helloflight,UA-2704-DTW-PHX,6:00 a.m.,5:56 a.m.,2:50 p.m.,6:43 p.m.
125,flytecomm,AA-3859-IAH-ORD,7:15 a.m.,7:21 a.m.,11:45 a.m.,11:56 a.m.
2173,myrateplan,UA-414-LAX-SFO,6:00 a.m.,5:56 a.m.,9:45 p.m.,7:17 a.m.
126,aa,AA-1522-SFO-ORD,11:55 p.m.,12:10 p.m.,1:39 p.m.,5:50 a.m.
2174,flightview,UA-248-PHX-ORD,6:00 a.m.,5:56 a.m.,5:11 a.m.,7:17 a.m.
127,airtravelcenter,AA-1522-SFO-ORD,11:55 p.m.,8:56 a.m.,9:21 a.m.,1:43 p.m.
2176,helloflight,AA-3859-IAH-ORD,6:00 a.m.,5:56 a.m.,4:48 p.m.,6:28 p.m.
2177,allegiantair,CO-63-EWR-IAH,6:00 a.m.,2:04 p.m.,1:40 p.m.,7:17 a.m.
130,businesstravellogue,AA-649-ORD-SNA,11:55 p.m.,3:27 p.m.,5:50 a.m.,10:04 a.m.
2179,ua,AA-2957-DFW-CVG,6:00 a.m.,8:25 p.m.,4:31 p.m.,7:36 p.m.
133,foxbusiness,AA-1007-MIA-PHX,11:55 p.m.,7:58 p.m.,5:50 a.m.,3:50 p.m.
2181,weather,UA-37-EDI-EWR,6:00 a.m.,2:48 p.m.,4:31 p.m.,10:36 a.m.
135,flylouisville,AA-1522-SFO-ORD,11:55 p.m.,11:55 p.m.,9:54 a.m.,11:21 a.m.
2183,allegiantair,UA-3050-PHX-CLT,10:39 a.m.,10:33 a.m.,11:19 a.m.,3:04 p.m.
136,flytecomm,AA-1640-MIA-MCO,11:55 p.m.,7:39 a.m.,9:45 p.m.,9:14 a.m.
2184,airtravelcenter,UA-5487-SFO-MRY,10:39 a.m.,11:55 a.m.,11:19 a.m.,11:21 a.m.
137,flytecomm,AA-1522-SFO-ORD,11:55 p.m.,7:25 a.m.,5:50 a.m.,5:50 a.m.
138,flightstats,AA-1664-MIA-ATL,11:55 p.m.,11:55 p.m.,5:50 a.m.,5:50 a.m.
2186,boston,UA-3373-IAD-PHL,10:39 a.m.,10:33 a.m.,9:55 a.m.,4:44 p.m.
2187,helloflight,AA-3842-MSP-ORD,10:39 a.m.,10:33 a.m.,6:40 p.m.,11:21 a.m.
140,usatoday,AA-1522-SFO-ORD,11:55 p.m.,6:10 a.m.,7:03 p.m.,9:32 a.m.
2188,flightwise,CO-1250-MIA-IAH,10:39 a.m.,10:33 a.m.,11:19 a.m.,1:14 p.m.
141,quicktrip,AA-1165-JFK-MIA,11:55 p.m.,11:55 p.m.,6:30 p.m.,5:50 a.m.
142,ord,AA-3063-SLC-LAX,11:55 p.m.,6:57 a.m.,9:40 a.m.,5:50 a.m.
2191,usatoday,AA-1544-SAN-ORD,10:39 a.m.,7:22 a.m.,10:30 p.m.,11:06 a.m.
2192,mytripandmore,UA-382-IAD-LAX,10:39 a.m.,2:55 p.m.,11:19 a.m.,6:34 p.m.
146,usatoday,AA-1522-SFO-ORD,11:55 p.m.,11:01 a.m.,9:55 a.m.,7:51 a.m.
2194,flytecomm,UA-257-JFK-SFO,10:39 a.m.,3:27 p.m.,11:19 a.m.,3:16 p.m.
147,weather,AA-1522-SFO-ORD,11:55 p.m.,11:55 p.m.,10:34 a.m.,3:43 p.m.
148,travelocity,CO-1614-LAX-IAH,11:55 p.m.,7:14 p.m.,5:50 a.m.,5:50 a.m.
2197,allegiantair,UA-5487-SFO-MRY,10:39 a.m.,9:14 a.m.,3:50 p.m.,11:21 a.m.
151,flightstats,CO-1090-BOS-IAH,11:25 a.m.,11:40 a.m.,9:43 a.m.,4:56 p.m.
2200,myrateplan,AA-3786-IAH-ORD,2:30 p.m.,2:48 p.m.,7:03 p.m.,7:10 p.m.
2202,boston,UA-62-IAH-EWR,2:30 p.m.,2:48 p.m.,7:03 p.m.,5:26 p.m.
155,myrateplan,AA-1544-SAN-ORD,11:25 a.m.,10:33 a.m.,5:25 p.m.,6:28 p.m.
2203,businesstravellogue,UA-62-IAH-EWR,2:30 p.m.,10:18 a.m.,5:35 a.m.,9:05 a.m.
2204,flights,UA-62-IAH-EWR,2:30 p.m.,2:48 p.m.,12:29 a.m.,6:43 p.m.
157,flightview,AA-1544-SAN-ORD,11:25 a.m.,7:30 a.m.,5:25 p.m.,10:27 a.m.
2205,foxbusiness,AA-1221-MCO-ORD,2:30 p.m.,7:22 a.m.,9:55 a.m.,9:05 a.m.
159,quicktrip,AA-3786-IAH-ORD,11:25 a.m.,11:25 p.m.,5:25 p.m.,4:59 p.m.
2207,gofox,AA-85-JFK-SFO,2:30 p.m.,7:14 p.m.,7:03 p.m.,7:10 p.m.
161,usatoday,AA-85-JFK-SFO,11:25 a.m.,8:29 a.m.,5:25 p.m.,2:46 p.m.
2212,ifly,UA-62-IAH-EWR,2:30 p.m.,12:10 p.m.,7:03 p.m.,3:04 p.m.
2215,panynj,UA-2708-EWR-CLT,2:30 p.m.,2:48 p.m.,7:03 p.m.,12:50 p.m.
2217,travelocity,UA-62-IAH-EWR,2:30 p.m.,8:25 p.m.,7:03 p.m.,7:10 p.m.
170,quicktrip,AA-1544-SAN-ORD,11:25 a.m.,8:39 p.m.,5:25 p.m.,4:56 p.m.
2218,phl,CO-1561-PHX-IAH,2:30 p.m.,2:48 p.m.,12:55 p.m.,7:10 p.m.
172,flytecomm,AA-431-MIA-SFO,6:30 p.m.,7:30 a.m.,7:25 p.m.,7:25 p.m.
2220,airtravelcenter,AA-204-LAX-MCO,7:35 a.m.,7:27 a.m.,9:43 a.m.,9:20 p.m.
173,allegiantair,AA-1640-MIA-MCO,6:30 p.m.,6:30 p.m.,7:25 p.m.,3:21 p.m.
176,flightarrival,UA-843-LAX-ORD,6:30 p.m.,11:55 a.m.,11:50 a.m.,8:45 a.m.
180,flightstats,AA-1434-DFW-MCO,6:30 p.m.,6:30 p.m.,7:25 p.m.,7:25 p.m.
181,helloflight,AA-431-MIA-SFO,6:30 p.m.,6:30 p.m.,7:25 p.m.,8:53 p.m.
2229,flytecomm,UA-6273-YYC-SFO,7:35 a.m.,7:27 a.m.,11:50 a.m.,3:14 p.m.
182,flightwise,AA-1640-MIA-MCO,6:30 p.m.,8:40 a.m.,4:57 p.m.,9:53 p.m.
2230,panynj,UA-6273-YYC-SFO,7:35 a.m.,8:04 a.m.,9:43 a.m.,8:45 a.m.
183,usatoday,AA-1733-ORD-PHX,6:30 p.m.,12:41 p.m.,9:21 a.m.,7:25 p.m.
185,foxbusiness,AA-1640-MIA-MCO,6:30 p.m.,12:13 p.m.,7:25 p.m.,7:25 p.m.
2234,phl,UA-257-JFK-SFO,7:35 a.m.,7:27 a.m.,4:53 p.m.,10:30 p.m.
187,flightview,AA-1640-MIA-MCO,6:30 p.m.,6:30 p.m.,12:35 p.m.,7:25 p.m.
2237,helloflight,UA-37-EDI-EWR,7:35 a.m.,7:27 a.m.,10:31 a.m.,8:45 a.m.
2238,gofox,UA-2945-PHL-CLT,7:35 a.m.,11:55 a.m.,12:10 p.m.,2:00 p.m.
192,boston,AA-616-DFW-DTW,6:30 p.m.,6:30 p.m.,7:25 p.m.,8:45 a.m.
2244,helloflight,AA-3-JFK-LAX,1:33 p.m.,11:25 p.m.,8:22 p.m.,5:50 a.m.
2245,flightarrival,UA-664-ORD-PHL,1:33 p.m.,1:31 p.m.,5:55 p.m.,1:15 p.m.
198,flightview,AA-3979-CVG-ORD,6:30 p.m.,1:31 p.m.,7:25 p.m.,9:05 a.m.
200,foxbusiness,AA-1544-SAN-ORD,10:15 a.m.,8:04 a.m.,2:00 p.m.,3:13 p.m.
2248,usatoday,UA-664-ORD-PHL,1:33 p.m.,7:49 a.m.,4:31 p.m.,4:23 p.m.
201,weather,AA-1664-MIA-ATL,10:15 a.m.,5:08 p.m.,2:15 p.m.,9:20 p.m.
202,boston,AA-1664-MIA-ATL,10:15 a.m.,7:21 a.m.,12:10 p.m.,11:56 a.m.
2251,foxbusiness,UA-664-ORD-PHL,1:33 p.m.,3:36 p.m.,4:57 p.m.,2:27 p.m.
205,helloflight,AA-484-DFW-MIA,10:15 a.m.,9:14 a.m.,7:30 a.m.,11:56 a.m.
2253,flytecomm,UA-664-ORD-PHL,1:33 p.m.,6:56 a.m.,4:31 p.m.,4:23 p.m.
206,flightexplorer,AA-1664-MIA-ATL,10:15 a.m.,11:52 a.m.,12:10 p.m.,11:56 a.m.
2254,airtravelcenter,AA-1007-MIA-PHX,1:33 p.m.,11:25 p.m.,2:20 p.m.,8:03 p.m.
208,flytecomm,AA-1664-MIA-ATL,10:15 a.m.,8:40 a.m.,2:35 p.m.,3:13 p.m.
2256,flylouisville,UA-664-ORD-PHL,1:33 p.m.,7:21 a.m.,4:31 p.m.,3:30 p.m.
210,airtravelcenter,AA-222-LAX-BOS,10:15 a.m.,10:18 a.m.,12:10 p.m.,11:56 a.m.
2258,myrateplan,UA-664-ORD-PHL,1:33 p.m.,8:23 p.m.,6:55 a.m.,4:23 p.m.
211,flights,AA-466-IAH-MIA,10:15 a.m.,9:16 a.m.,12:10 p.m.,10:56 a.m.
2259,orbitz,UA-664-ORD-PHL,1:33 p.m.,12:35 p.m.,10:15 p.m.,4:23 p.m.
212,foxbusiness,CO-1561-PHX-IAH,10:15 a.m.,10:18 a.m.,2:50 p.m.,11:56 a.m.
213,gofox,UA-3050-PHX-CLT,10:15 a.m.,1:19 p.m.,7:25 p.m.,5:34 p.m.
2261,panynj,UA-664-ORD-PHL,1:33 p.m.,6:54 a.m.,4:31 p.m.,1:27 p.m.
214,helloflight,AA-59-JFK-SFO,10:15 a.m.,10:18 a.m.,12:15 a.m.,10:29 p.m.
217,orbitz,UA-843-LAX-ORD,10:15 a.m.,10:18 a.m.,4:57 p.m.,8:45 a.m.
2266,boston,CO-1250-MIA-IAH,1:33 p.m.,1:31 p.m.,6:44 p.m.,4:23 p.m.
219,businesstravellogue,AA-1664-MIA-ATL,10:15 a.m.,10:18 a.m.,12:10 p.m.,3:31 p.m.
220,travelocity,AA-1664-MIA-ATL,10:15 a.m.,10:18 a.m.,12:10 p.m.,11:12 a.m.
2271,flytecomm,UA-828-SFO-ORD,11:08 p.m.,11:08 p.m.,5:11 a.m.,5:11 a.m.
2272,flightstats,UA-828-SFO-ORD,11:08 p.m.,11:08 p.m.,9:10 p.m.,5:11 a.m.
2273,weather,UA-828-SFO-ORD,11:08 p.m.,7:39 a.m.,5:11 a.m.,9:45 a.m.
228,flights,AA-1733-ORD-PHX,7:45 p.m.,7:15 p.m.,10:30 p.m.,5:42 p.m.
231,sfo,CO-1193-EWR-MCO,7:45 p.m.,12:12 p.m.,2:15 p.m.,10:30 p.m.
233,flights,AA-1640-MIA-MCO,7:45 p.m.,11:32 a.m.,8:05 p.m.,10:30 p.m.
2281,flytecomm,CO-45-EWR-MIA,11:08 p.m.,7:39 a.m.,12:10 p.m.,11:50 p.m.
2283,quicktrip,UA-828-SFO-ORD,11:08 p.m.,8:23 p.m.,6:40 p.m.,1:30 p.m.
236,airtravelcenter,AA-446-DFW-PHL,7:45 p.m.,6:10 a.m.,7:23 a.m.,10:30 p.m.
237,foxbusiness,UA-37-EDI-EWR,7:45 p.m.,12:12 p.m.,10:30 p.m.,11:58 a.m.
2285,myrateplan,UA-2704-DTW-PHX,11:08 p.m.,3:11 a.m.,6:30 p.m.,6:34 p.m.
2288,flytecomm,AA-2050-ORD-MIA,11:08 p.m.,7:22 a.m.,5:11 a.m.,4:44 p.m.
2289,panynj,UA-828-SFO-ORD,11:08 p.m.,7:16 a.m.,8:05 p.m.,5:11 a.m.
2291,ua,AA-4344-ORD-DTW,11:08 p.m.,8:04 a.m.,4:48 p.m.,5:11 a.m.
244,ord,AA-616-DFW-DTW,7:45 p.m.,7:58 p.m.,6:23 p.m.,1:19 p.m.
2292,usatoday,AA-1007-MIA-PHX,11:08 p.m.,12:11 p.m.,5:11 a.m.,5:11 a.m.
2295,allegiantair,UA-843-LAX-ORD,1:55 p.m.,2:10 p.m.,11:10 a.m.,8:06 a.m.
2296,businesstravellogue,UA-843-LAX-ORD,1:55 p.m.,2:10 p.m.,7:53 p.m.,3:14 p.m.
2297,flightview,UA-843-LAX-ORD,1:55 p.m.,7:25 a.m.,6:23 p.m.,7:58 p.m.
250,mytripandmore,UA-2945-PHL-CLT,7:45 p.m.,7:58 p.m.,10:30 p.m.,11:12 a.m.
251,flytecomm,AA-1640-MIA-MCO,7:45 p.m.,3:27 p.m.,10:35 a.m.,10:30 p.m.
252,aa,CO-1614-LAX-IAH,10:45 a.m.,7:31 a.m.,2:50 p.m.,2:10 p.m.
255,flightview,AA-4307-ORD-DTW,10:45 a.m.,4:15 p.m.,2:20 p.m.,3:31 p.m.
2304,gofox,CO-50-CLE-EWR,1:55 p.m.,2:10 p.m.,12:18 p.m.,8:45 a.m.
257,gofox,CO-4888-IAH-DAL,10:45 a.m.,8:42 a.m.,11:19 a.m.,1:40 p.m.
258,boston,AA-1886-BOS-MIA,10:45 a.m.,10:55 a.m.,2:20 p.m.,4:59 p.m.
261,flytecomm,AA-1221-MCO-ORD,10:45 a.m.,12:10 p.m.,2:20 p.m.,1:40 p.m.
263,gofox,AA-1886-BOS-MIA,10:45 a.m.,12:11 p.m.,2:20 p.m.,1:15 p.m.
2313,gofox,UA-248-PHX-ORD,1:55 p.m.,2:10 p.m.,7:53 p.m.,2:00 p.m.
267,panynj,AA-1886-BOS-MIA,10:45 a.m.,10:55 a.m.,2:20 p.m.,1:40 p.m.
269,orbitz,UA-37-EDI-EWR,10:45 a.m.,10:55 a.m.,6:17 p.m.,6:43 p.m.
2317,boston,UA-854-SFO-IAH,7:53 a.m.,7:49 a.m.,12:29 a.m.,10:36 a.m.
271,aa,AA-1917-JFK-MCO,2:55 p.m.,3:31 p.m.,5:55 p.m.,10:29 p.m.
2320,flights,AA-3756-ORD-SLC,7:53 a.m.,7:05 a.m.,7:55 p.m.,1:30 p.m.
273,flytecomm,CO-47-IAH-LAX,2:55 p.m.,3:27 p.m.,5:55 p.m.,11:21 a.m.
2321,orbitz,AA-446-DFW-PHL,7:53 a.m.,7:49 a.m.,1:39 p.m.,1:30 p.m.
276,flytecomm,UA-3050-PHX-CLT,2:55 p.m.,2:10 p.m.,5:55 p.m.,9:53 p.m.
277,flytecomm,AA-1917-JFK-MCO,2:55 p.m.,8:40 a.m.,7:03 p.m.,9:05 a.m.
279,flightexplorer,AA-1917-JFK-MCO,2:55 p.m.,3:27 p.m.,2:45 p.m.,5:43 p.m.
2327,helloflight,UA-854-SFO-IAH,7:53 a.m.,7:30 a.m.,2:59 p.m.,11:06 a.m.
2330,helloflight,AA-271-MIA-LAX,7:53 a.m.,12:11 p.m.,6:44 p.m.,1:30 p.m.
283,flightarrival,AA-415-BOS-ORD,2:55 p.m.,7:39 a.m.,12:55 p.m.,5:43 p.m.
2334,helloflight,UA-3925-IAD-ORF,7:53 a.m.,8:39 p.m.,12:29 a.m.,1:30 p.m.
287,helloflight,AA-415-BOS-ORD,2:55 p.m.,5:30 p.m.,5:55 p.m.,3:31 p.m.
2337,flightexplorer,AA-649-ORD-SNA,1:45 p.m.,1:32 p.m.,10:40 a.m.,8:02 a.m.
290,boston,AA-2525-DFW-MIA,2:55 p.m.,8:04 a.m.,7:30 a.m.,10:36 a.m.
2338,boston,UA-858-PVG-SFO,1:45 p.m.,1:32 p.m.,12:18 p.m.,9:13 a.m.
291,boston,CO-1561-PHX-IAH,2:55 p.m.,3:27 p.m.,10:45 a.m.,5:43 p.m.
293,mytripandmore,AA-4330-CVG-ORD,2:55 p.m.,3:27 p.m.,12:29 a.m.,4:47 p.m.
2341,flightwise,UA-858-PVG-SFO,1:45 p.m.,1:32 p.m.,8:27 a.m.,8:02 a.m.
2343,flightview,UA-858-PVG-SFO,1:45 p.m.,11:08 p.m.,8:27 a.m.,8:06 a.m.
2344,allegiantair,UA-858-PVG-SFO,1:45 p.m.,1:32 p.m.,6:40 p.m.,4:59 p.m.
2345,businesstravellogue,UA-858-PVG-SFO,1:45 p.m.,3:27 p.m.,12:15 a.m.,6:36 p.m.
2346,weather,UA-858-PVG-SFO,1:45 p.m.,3:31 p.m.,6:40 p.m.,6:40 p.m.
2347,flytecomm,UA-858-PVG-SFO,1:45 p.m.,1:32 p.m.,1:39 p.m.,8:02 a.m.
300,flytecomm,CO-50-CLE-EWR,11:25 p.m.,2:55 p.m.,6:55 a.m.,5:17 p.m.
2349,quicktrip,UA-664-ORD-PHL,1:45 p.m.,11:01 a.m.,4:17 p.m.,12:09 p.m.
302,flightexplorer,AA-204-LAX-MCO,11:25 p.m.,5:08 p.m.,1:45 p.m.,6:55 a.m.
303,flights,CO-1614-LAX-IAH,11:25 p.m.,4:12 p.m.,6:55 a.m.,6:55 a.m.
2353,flightview,AA-3842-MSP-ORD,1:45 p.m.,1:32 p.m.,9:20 a.m.,8:02 a.m.
306,flylouisville,AA-3804-PHL-ORD,11:25 p.m.,7:16 a.m.,6:55 a.m.,4:23 p.m.
2354,airtravelcenter,AA-85-JFK-SFO,4:16 p.m.,4:12 p.m.,7:35 p.m.,3:43 p.m.
308,flightstats,CO-1561-PHX-IAH,11:25 p.m.,11:25 p.m.,6:55 a.m.,5:11 a.m.
2356,flytecomm,UA-938-DEN-ORD,4:16 p.m.,2:26 p.m.,7:35 p.m.,3:16 p.m.
309,foxbusiness,AA-789-ORD-DEN,11:25 p.m.,7:49 a.m.,9:45 p.m.,7:55 p.m.
310,flytecomm,AA-3979-CVG-ORD,11:25 p.m.,8:23 p.m.,6:55 a.m.,6:55 a.m.
2358,boston,UA-938-DEN-ORD,4:16 p.m.,3:36 p.m.,11:10 a.m.,9:32 a.m.
311,businesstravellogue,AA-204-LAX-MCO,11:25 p.m.,11:25 p.m.,4:57 p.m.,6:55 a.m.
312,myrateplan,AA-1886-BOS-MIA,11:25 p.m.,11:25 p.m.,11:35 a.m.,6:55 a.m.
2360,flightexplorer,AA-404-MIA-MCO,4:16 p.m.,4:15 p.m.,10:20 a.m.,7:36 p.m.
2361,flights,UA-938-DEN-ORD,4:16 p.m.,9:14 a.m.,7:35 p.m.,7:36 p.m.
314,orbitz,UA-6273-YYC-SFO,11:25 p.m.,11:25 p.m.,2:35 p.m.,3:21 p.m.
2362,flightstats,UA-938-DEN-ORD,4:16 p.m.,4:15 p.m.,7:35 p.m.,7:36 p.m.
2364,flylouisville,AA-2525-DFW-MIA,4:16 p.m.,11:30 a.m.,9:24 a.m.,8:53 p.m.
318,weather,AA-3823-LAX-DEN,11:25 p.m.,11:25 p.m.,10:34 a.m.,6:55 a.m.
2366,foxbusiness,AA-1007-MIA-PHX,4:16 p.m.,7:22 a.m.,7:35 p.m.,7:36 p.m.
319,foxbusiness,AA-204-LAX-MCO,11:25 p.m.,1:19 p.m.,3:19 p.m.,3:21 p.m.
320,weather,AA-204-LAX-MCO,11:25 p.m.,11:25 p.m.,3:50 p.m.,6:55 a.m.
322,airtravelcenter,AA-1733-ORD-PHX,10:40 a.m.,2:55 p.m.,4:57 p.m.,12:29 a.m.
323,helloflight,AA-2050-ORD-MIA,10:40 a.m.,6:02 a.m.,10:35 a.m.,2:46 p.m.
2371,weather,CO-1088-CLE-IAH,4:16 p.m.,1:19 p.m.,4:05 p.m.,9:20 p.m.
325,businesstravellogue,AA-2050-ORD-MIA,10:40 a.m.,11:05 a.m.,8:27 a.m.,2:46 p.m.
326,aa,AA-1522-SFO-ORD,10:40 a.m.,7:05 a.m.,2:45 p.m.,1:30 p.m.
2374,airtravelcenter,UA-938-DEN-ORD,4:16 p.m.,8:56 a.m.,7:35 p.m.,5:38 p.m.
327,flightaware,CO-1561-PHX-IAH,10:40 a.m.,8:04 a.m.,8:22 p.m.,2:46 p.m.
2375,ua,UA-938-DEN-ORD,4:16 p.m.,8:52 a.m.,12:55 p.m.,7:36 p.m.
2376,mytripandmore,UA-938-DEN-ORD,4:16 p.m.,4:15 p.m.,7:35 p.m.,10:16 a.m.
330,ua,AA-404-MIA-MCO,10:40 a.m.,10:10 a.m.,9:45 p.m.,2:46 p.m.
331,flightview,AA-404-MIA-MCO,10:40 a.m.,2:55 p.m.,4:57 p.m.,2:46 p.m.
333,businesstravellogue,AA-1007-MIA-PHX,10:40 a.m.,7:30 a.m.,7:30 a.m.,4:56 p.m.
334,world-flight-tracker,AA-1917-JFK-MCO,10:40 a.m.,10:55 a.m.,4:57 p.m.,9:14 a.m.
336,quicktrip,AA-3859-IAH-ORD,10:40 a.m.,11:05 a.m.,2:45 p.m.,2:46 p.m.
339,boston,AA-3-JFK-LAX,10:40 a.m.,11:05 a.m.,11:50 p.m.,5:43 p.m.
341,gofox,AA-2050-ORD-MIA,10:40 a.m.,11:05 a.m.,11:55 a.m.,2:46 p.m.
345,boston,AA-2050-ORD-MIA,10:40 a.m.,6:02 a.m.,2:45 p.m.,2:46 p.m.
346,weather,AA-649-ORD-SNA,10:40 a.m.,11:55 a.m.,2:45 p.m.,1:14 p.m.
347,world-flight-tracker,AA-2050-ORD-MIA,10:40 a.m.,11:05 a.m.,2:45 p.m.,4:23 p.m.
350,airtravelcenter,UA-2708-EWR-CLT,7:10 a.m.,8:25 p.m.,9:21 a.m.,3:14 p.m.
351,allegiantair,UA-3099-PHX-PHL,7:10 a.m.,7:31 a.m.,3:30 p.m.,4:44 p.m.
352,boston,AA-649-ORD-SNA,7:10 a.m.,6:30 p.m.,3:30 p.m.,9:14 a.m.
356,travelocity,AA-222-LAX-BOS,7:10 a.m.,7:31 a.m.,3:30 p.m.,10:30 p.m.
358,flylouisville,AA-222-LAX-BOS,7:10 a.m.,2:48 p.m.,4:00 p.m.,7:25 p.m.
365,businesstravellogue,UA-2708-EWR-CLT,7:10 a.m.,7:22 a.m.,5:35 a.m.,10:36 a.m.
366,orbitz,AA-1522-SFO-ORD,7:10 a.m.,2:48 p.m.,9:43 a.m.,7:39 p.m.
368,quicktrip,AA-2268-PHX-ORD,7:10 a.m.,7:31 a.m.,9:21 a.m.,3:14 p.m.
369,travelocity,AA-222-LAX-BOS,7:10 a.m.,8:04 a.m.,9:54 a.m.,3:14 p.m.
371,panynj,AA-3842-MSP-ORD,7:10 a.m.,7:30 a.m.,4:48 p.m.,3:14 p.m.
373,allegiantair,AA-2268-PHX-ORD,7:15 a.m.,7:22 a.m.,12:21 a.m.,11:06 a.m.
374,panynj,AA-3859-IAH-ORD,7:15 a.m.,7:22 a.m.,11:35 a.m.,11:06 a.m.
378,flightarrival,AA-1886-BOS-MIA,7:15 a.m.,7:22 a.m.,4:05 p.m.,11:06 a.m.
381,flightview,AA-2268-PHX-ORD,7:15 a.m.,7:22 a.m.,11:35 a.m.,5:05 p.m.
384,flylouisville,UA-3925-IAD-ORF,7:15 a.m.,7:22 a.m.,11:35 a.m.,11:06 a.m.
387,gofox,UA-2704-DTW-PHX,7:15 a.m.,7:22 a.m.,9:55 a.m.,1:40 p.m.
393,quicktrip,AA-2268-PHX-ORD,7:15 a.m.,7:22 a.m.,4:48 p.m.,2:10 p.m.
394,helloflight,AA-2268-PHX-ORD,7:15 a.m.,7:49 a.m.,9:43 a.m.,11:56 a.m.
396,weather,AA-484-DFW-MIA,7:15 a.m.,12:35 p.m.,9:45 p.m.,11:06 a.m.
399,myrateplan,CO-1614-LAX-IAH,8:25 p.m.,11:55 p.m.,11:50 p.m.,11:50 p.m.
403,panynj,AA-404-MIA-MCO,8:25 p.m.,6:08 a.m.,11:50 p.m.,2:50 p.m.
404,dfw,AA-2312-DFW-DTW,8:25 p.m.,12:13 p.m.,1:45 p.m.,11:32 a.m.
412,flytecomm,AA-1664-MIA-ATL,8:25 p.m.,9:16 a.m.,11:50 p.m.,11:50 p.m.
416,helloflight,AA-1279-DFW-PHX,8:25 p.m.,8:25 p.m.,11:50 p.m.,11:50 p.m.
421,flightexplorer,UA-2830-MCO-CLT,8:25 p.m.,8:04 a.m.,7:05 p.m.,11:50 p.m.
422,flylouisville,AA-1544-SAN-ORD,8:25 p.m.,7:05 a.m.,7:25 p.m.,11:50 p.m.
423,flylouisville,AA-1664-MIA-ATL,8:25 p.m.,8:25 p.m.,7:03 p.m.,11:50 p.m.
426,aa,AA-2525-DFW-MIA,7:25 a.m.,11:25 p.m.,2:20 p.m.,3:33 p.m.
432,panynj,AA-2525-DFW-MIA,7:25 a.m.,2:04 p.m.,9:20 p.m.,11:06 a.m.
433,helloflight,AA-2525-DFW-MIA,7:25 a.m.,7:22 a.m.,3:30 p.m.,11:06 a.m.
440,gofox,AA-1886-BOS-MIA,7:25 a.m.,7:39 a.m.,11:10 a.m.,11:06 a.m.
445,orbitz,CO-1250-MIA-IAH,7:25 a.m.,11:08 p.m.,7:30 a.m.,11:06 a.m.
447,flightview,AA-2525-DFW-MIA,7:25 a.m.,5:08 p.m.,11:10 a.m.,11:06 a.m.
448,usatoday,AA-2525-DFW-MIA,7:25 a.m.,2:10 p.m.,7:30 a.m.,11:06 a.m.
452,foxbusiness,CO-1090-BOS-IAH,11:35 a.m.,6:57 a.m.,7:25 p.m.,2:27 p.m.
457,flylouisville,CO-1561-PHX-IAH,11:35 a.m.,11:52 a.m.,1:16 p.m.,9:43 a.m.
458,flightaware,AA-271-MIA-LAX,11:35 a.m.,5:22 p.m.,2:25 p.m.,9:13 a.m.
459,boston,AA-271-MIA-LAX,11:35 a.m.,11:55 a.m.,4:05 p.m.,2:27 p.m.
460,flightstats,UA-3925-IAD-ORF,11:35 a.m.,6:57 a.m.,2:25 p.m.,2:27 p.m.
463,flylouisville,UA-6273-YYC-SFO,11:35 a.m.,8:23 p.m.,2:25 p.m.,2:27 p.m.
466,orbitz,AA-271-MIA-LAX,11:35 a.m.,12:11 p.m.,2:25 p.m.,2:27 p.m.
467,helloflight,AA-271-MIA-LAX,11:35 a.m.,11:55 a.m.,2:25 p.m.,1:43 p.m.
469,flightstats,AA-271-MIA-LAX,11:35 a.m.,7:30 a.m.,2:00 p.m.,8:02 a.m.
472,quicktrip,AA-271-MIA-LAX,11:35 a.m.,11:52 a.m.,2:25 p.m.,8:02 a.m.
474,weather,AA-271-MIA-LAX,11:35 a.m.,11:52 a.m.,3:30 p.m.,2:27 p.m.
477,travelocity,CO-1561-PHX-IAH,7:55 a.m.,8:04 a.m.,11:05 a.m.,11:01 a.m.
479,allegiantair,AA-2957-DFW-CVG,7:55 a.m.,8:04 a.m.,11:05 a.m.,11:01 a.m.
482,flightarrival,CO-1088-CLE-IAH,7:55 a.m.,8:04 a.m.,7:30 a.m.,11:01 a.m.
486,airtravelcenter,AA-518-MIA-JFK,7:55 a.m.,11:30 a.m.,11:05 a.m.,11:01 a.m.
487,flightexplorer,AA-1917-JFK-MCO,7:55 a.m.,8:04 a.m.,11:35 a.m.,11:01 a.m.
489,flylouisville,UA-3099-PHX-PHL,7:55 a.m.,8:56 a.m.,11:05 a.m.,1:15 p.m.
490,foxbusiness,AA-2957-DFW-CVG,7:55 a.m.,8:04 a.m.,7:53 p.m.,11:01 a.m.
495,orbitz,AA-2957-DFW-CVG,7:55 a.m.,4:29 p.m.,2:45 p.m.,11:58 a.m.
496,quicktrip,AA-2957-DFW-CVG,7:55 a.m.,8:04 a.m.,5:05 p.m.,11:01 a.m.
497,travelocity,CO-62-IAH-EWR,7:55 a.m.,8:04 a.m.,10:35 a.m.,11:01 a.m.
500,panynj,AA-2957-DFW-CVG,7:55 a.m.,8:04 a.m.,9:35 a.m.,10:30 p.m.
503,flytecomm,AA-3468-CVG-MIA,12:00 p.m.,2:55 p.m.,12:35 p.m.,3:16 p.m.
504,allegiantair,UA-248-PHX-ORD,12:00 p.m.,7:22 a.m.,5:05 p.m.,12:09 p.m.
505,boston,CO-45-EWR-MIA,12:00 p.m.,12:11 p.m.,5:00 p.m.,3:16 p.m.
509,flightexplorer,AA-3-JFK-LAX,12:00 p.m.,12:11 p.m.,3:15 p.m.,6:28 p.m.
510,flights,AA-484-DFW-MIA,12:00 p.m.,3:27 p.m.,5:50 a.m.,3:16 p.m.
512,gofox,CO-50-CLE-EWR,12:00 p.m.,8:04 a.m.,12:35 p.m.,6:43 p.m.
515,flightexplorer,AA-3-JFK-LAX,12:00 p.m.,12:12 p.m.,3:15 p.m.,3:16 p.m.
519,ord,AA-1279-DFW-PHX,12:00 p.m.,9:14 a.m.,6:55 a.m.,5:43 p.m.
521,flightaware,AA-3-JFK-LAX,12:00 p.m.,12:11 p.m.,1:16 p.m.,6:15 p.m.
524,weather,AA-3-JFK-LAX,12:00 p.m.,12:11 p.m.,9:10 p.m.,12:29 a.m.
525,travelocity,AA-3-JFK-LAX,12:00 p.m.,12:13 p.m.,3:15 p.m.,7:51 a.m.
532,flightarrival,AA-1522-SFO-ORD,8:20 p.m.,8:39 p.m.,6:23 p.m.,9:20 p.m.
533,helloflight,AA-4330-CVG-ORD,8:20 p.m.,8:04 a.m.,9:20 p.m.,9:20 p.m.
534,boston,UA-3099-PHX-PHL,8:20 p.m.,8:39 p.m.,9:25 a.m.,2:00 p.m.
535,allegiantair,AA-3063-SLC-LAX,8:20 p.m.,8:39 p.m.,12:10 p.m.,8:03 p.m.
537,businesstravellogue,AA-3063-SLC-LAX,8:20 p.m.,8:39 p.m.,9:20 p.m.,1:27 p.m.
539,flightarrival,AA-3063-SLC-LAX,8:20 p.m.,8:23 p.m.,2:15 p.m.,9:56 a.m.
541,orbitz,AA-1886-BOS-MIA,8:20 p.m.,8:39 p.m.,6:40 p.m.,2:46 p.m.
542,airtravelcenter,UA-2945-PHL-CLT,8:20 p.m.,9:14 a.m.,9:20 p.m.,9:20 p.m.
543,myrateplan,AA-3063-SLC-LAX,8:20 p.m.,8:39 p.m.,9:20 p.m.,9:20 p.m.
544,mytripandmore,CO-1088-CLE-IAH,8:20 p.m.,8:39 p.m.,5:50 a.m.,9:20 p.m.
545,businesstravellogue,AA-3063-SLC-LAX,8:20 p.m.,8:39 p.m.,12:35 p.m.,11:06 a.m.
550,wunderground,AA-3063-SLC-LAX,8:20 p.m.,3:27 p.m.,4:00 p.m.,2:10 p.m.
552,businesstravellogue,AA-446-DFW-PHL,7:00 a.m.,7:49 a.m.,9:55 a.m.,9:45 a.m.
554,boston,AA-3468-CVG-MIA,7:00 a.m.,7:49 a.m.,9:55 a.m.,9:45 a.m.
557,flightstats,AA-1221-MCO-ORD,7:00 a.m.,7:25 a.m.,4:57 p.m.,7:39 p.m.
558,quicktrip,AA-204-LAX-MCO,7:00 a.m.,7:25 a.m.,1:16 p.m.,7:36 p.m.
562,aa,AA-2525-DFW-MIA,7:00 a.m.,7:15 p.m.,9:55 a.m.,9:28 a.m.
564,foxbusiness,AA-1007-MIA-PHX,7:00 a.m.,10:18 a.m.,2:45 p.m.,5:42 p.m.
566,usatoday,AA-484-DFW-MIA,7:00 a.m.,4:12 p.m.,9:55 a.m.,9:45 a.m.
569,mytripandmore,UA-2515-DFW-CLT,7:00 a.m.,7:25 a.m.,7:30 a.m.,5:26 a.m.
570,flightaware,AA-3468-CVG-MIA,7:00 a.m.,8:40 a.m.,2:50 p.m.,7:36 p.m.
576,world-flight-tracker,AA-466-IAH-MIA,7:00 a.m.,11:30 a.m.,2:35 p.m.,9:45 a.m.
580,allegiantair,AA-3756-ORD-SLC,12:15 p.m.,12:12 p.m.,9:40 a.m.,9:53 p.m.
581,flightstats,AA-3756-ORD-SLC,12:15 p.m.,12:41 p.m.,2:45 p.m.,12:50 p.m.
582,businesstravellogue,AA-4198-ORD-CLE,12:15 p.m.,11:55 a.m.,3:30 p.m.,8:03 p.m.
584,flightexplorer,AA-3756-ORD-SLC,12:15 p.m.,12:41 p.m.,6:23 p.m.,2:10 p.m.
585,mytripandmore,AA-1007-MIA-PHX,12:15 p.m.,7:25 a.m.,2:45 p.m.,9:43 a.m.
586,aa,AA-3756-ORD-SLC,12:15 p.m.,6:57 a.m.,2:45 p.m.,11:50 p.m.
589,weather,UA-2704-DTW-PHX,12:15 p.m.,12:41 p.m.,2:45 p.m.,11:56 a.m.
591,gofox,AA-3756-ORD-SLC,12:15 p.m.,10:18 a.m.,12:21 a.m.,2:50 p.m.
596,usatoday,UA-233-LAX-JFK,12:15 p.m.,4:12 p.m.,9:10 p.m.,12:29 a.m.
597,orbitz,AA-616-DFW-DTW,12:15 p.m.,8:52 a.m.,7:05 p.m.,2:50 p.m.
598,orbitz,UA-2708-EWR-CLT,12:15 p.m.,12:41 p.m.,10:35 a.m.,9:45 a.m.
602,flytecomm,AA-1279-DFW-PHX,12:15 p.m.,8:29 a.m.,2:45 p.m.,2:50 p.m.
604,foxbusiness,AA-3786-IAH-ORD,4:00 p.m.,9:14 a.m.,11:53 a.m.,11:01 a.m.
609,flightarrival,AA-3468-CVG-MIA,4:00 p.m.,5:56 a.m.,6:40 p.m.,6:15 p.m.
610,flightaware,AA-3786-IAH-ORD,4:00 p.m.,4:28 p.m.,6:40 p.m.,6:15 p.m.
614,flightwise,AA-3979-CVG-ORD,4:00 p.m.,4:12 p.m.,6:40 p.m.,8:53 p.m.
616,usatoday,AA-3786-IAH-ORD,4:00 p.m.,4:12 p.m.,11:45 a.m.,3:13 p.m.
618,gofox,AA-415-BOS-ORD,4:00 p.m.,4:12 p.m.,11:10 a.m.,6:43 p.m.
620,ifly,AA-3786-IAH-ORD,4:00 p.m.,4:12 p.m.,6:40 a.m.,6:15 p.m.
624,airtravelcenter,AA-3786-IAH-ORD,4:00 p.m.,4:12 p.m.,6:40 p.m.,4:44 p.m.
627,flightview,AA-2957-DFW-CVG,4:00 p.m.,10:18 a.m.,6:55 a.m.,5:17 p.m.
628,usatoday,AA-3786-IAH-ORD,4:00 p.m.,4:12 p.m.,6:23 p.m.,11:06 a.m.
636,mytripandmore,CO-1088-CLE-IAH,2:35 p.m.,2:26 p.m.,6:17 p.m.,9:13 a.m.
644,foxbusiness,AA-3804-PHL-ORD,2:35 p.m.,10:20 a.m.,4:05 p.m.,10:04 a.m.
650,orbitz,AA-3804-PHL-ORD,2:35 p.m.,12:41 a.m.,9:10 p.m.,8:03 p.m.
651,orbitz,AA-1664-MIA-ATL,2:35 p.m.,11:01 a.m.,5:25 p.m.,1:15 p.m.
653,quicktrip,AA-2050-ORD-MIA,2:35 p.m.,8:23 p.m.,9:45 p.m.,11:56 a.m.
657,world-flight-tracker,AA-3804-PHL-ORD,2:35 p.m.,10:19 a.m.,3:50 p.m.,3:43 p.m.
660,airtravelcenter,CO-1614-LAX-IAH,6:00 a.m.,2:10 p.m.,5:35 a.m.,1:40 p.m.
662,world-flight-tracker,AA-3809-PHX-LAX,6:00 a.m.,3:58 p.m.,6:40 a.m.,8:53 p.m.
664,gofox,UA-62-IAH-EWR,6:00 a.m.,7:14 p.m.,6:40 a.m.,12:09 p.m.
665,boston,UA-2704-DTW-PHX,6:00 a.m.,6:10 a.m.,6:40 a.m.,11:06 a.m.
668,flightstats,AA-466-IAH-MIA,6:00 a.m.,6:10 a.m.,10:54 a.m.,6:19 a.m.
672,flights,AA-643-MIA-ORD,6:00 a.m.,10:33 a.m.,2:45 p.m.,7:10 p.m.
673,foxbusiness,AA-3809-PHX-LAX,6:00 a.m.,5:30 p.m.,6:40 a.m.,6:19 a.m.
674,travelocity,AA-3809-PHX-LAX,6:00 a.m.,4:00 p.m.,6:40 a.m.,6:19 a.m.
675,flightaware,CO-52-IAH-LAX,6:00 a.m.,11:30 a.m.,6:40 a.m.,10:30 p.m.
678,flights,AA-3-JFK-LAX,6:00 a.m.,7:16 a.m.,6:40 a.m.,6:19 a.m.
680,flylouisville,AA-1279-DFW-PHX,6:00 a.m.,8:23 p.m.,2:59 p.m.,6:55 a.m.
683,weather,AA-3809-PHX-LAX,6:00 a.m.,6:10 a.m.,6:40 p.m.,1:15 p.m.
684,flightview,UA-3373-IAD-PHL,6:00 a.m.,11:25 p.m.,3:15 p.m.,11:01 a.m.
689,boston,UA-2708-EWR-CLT,9:00 p.m.,11:40 a.m.,12:15 a.m.,10:36 a.m.
691,foxbusiness,AA-484-DFW-MIA,9:00 p.m.,9:00 p.m.,12:15 a.m.,5:43 p.m.
694,flightview,CO-4888-IAH-DAL,9:00 p.m.,11:25 p.m.,10:15 p.m.,10:30 p.m.
697,flylouisville,AA-3823-LAX-DEN,9:00 p.m.,9:00 p.m.,10:20 a.m.,12:15 a.m.
701,helloflight,AA-1165-JFK-MIA,9:00 p.m.,8:56 a.m.,12:15 a.m.,8:03 p.m.
702,world-flight-tracker,AA-3823-LAX-DEN,9:00 p.m.,12:10 p.m.,7:25 p.m.,12:15 a.m.
703,flightaware,CO-50-CLE-EWR,9:00 p.m.,9:00 p.m.,6:40 p.m.,11:32 a.m.
706,travelocity,UA-3099-PHX-PHL,9:00 p.m.,9:00 p.m.,4:31 p.m.,12:15 a.m.
707,quicktrip,AA-3823-LAX-DEN,9:00 p.m.,9:00 p.m.,11:19 a.m.,12:15 a.m.
712,boston,AA-3842-MSP-ORD,6:00 a.m.,6:56 a.m.,7:30 a.m.,7:51 a.m.
714,allegiantair,AA-3842-MSP-ORD,6:00 a.m.,6:56 a.m.,7:30 a.m.,7:51 a.m.
718,flightexplorer,AA-3823-LAX-DEN,6:00 a.m.,6:56 a.m.,8:56 p.m.,4:59 p.m.
721,flightview,UA-858-PVG-SFO,6:00 a.m.,6:56 a.m.,7:30 a.m.,2:00 p.m.
722,ord,AA-3842-MSP-ORD,6:00 a.m.,11:55 a.m.,6:40 p.m.,9:13 a.m.
723,helloflight,CO-1023-IAH-DEN,6:00 a.m.,12:10 p.m.,7:30 a.m.,3:13 p.m.
724,flytecomm,AA-3842-MSP-ORD,6:00 a.m.,6:56 a.m.,7:30 a.m.,9:31 a.m.
727,helloflight,CO-4888-IAH-DAL,6:00 a.m.,2:55 p.m.,7:30 a.m.,5:26 a.m.
731,airtravelcenter,AA-3842-MSP-ORD,6:00 a.m.,6:56 a.m.,7:30 a.m.,7:51 a.m.
734,boston,AA-3756-ORD-SLC,6:00 a.m.,5:56 a.m.,7:30 a.m.,8:45 a.m.
737,sfo,AA-3468-CVG-MIA,6:00 a.m.,6:56 a.m.,7:30 a.m.,11:12 a.m.
738,wunderground,AA-3842-MSP-ORD,6:00 a.m.,6:10 a.m.,7:30 a.m.,6:38 p.m.
739,aa,AA-3859-IAH-ORD,7:10 a.m.,8:42 a.m.,5:00 p.m.,9:52 p.m.
740,orbitz,UA-37-EDI-EWR,7:10 a.m.,3:11 a.m.,9:40 a.m.,9:32 a.m.
741,myrateplan,AA-3859-IAH-ORD,7:10 a.m.,7:22 a.m.,2:25 p.m.,9:32 a.m.
746,flightexplorer,UA-248-PHX-ORD,7:10 a.m.,7:16 a.m.,10:15 p.m.,7:58 p.m.
748,flightstats,CO-1614-LAX-IAH,7:10 a.m.,6:57 a.m.,9:40 a.m.,11:06 a.m.
752,flightexplorer,AA-3859-IAH-ORD,7:10 a.m.,7:16 a.m.,9:40 a.m.,9:32 a.m.
753,gofox,CO-1250-MIA-IAH,7:10 a.m.,5:30 p.m.,4:31 p.m.,7:58 p.m.
754,flylouisville,AA-3859-IAH-ORD,7:10 a.m.,1:19 p.m.,9:24 a.m.,7:25 p.m.
757,orbitz,AA-3859-IAH-ORD,7:10 a.m.,7:16 a.m.,9:40 a.m.,3:16 p.m.
761,CO,CO-45-EWR-MIA,7:10 a.m.,7:16 a.m.,9:20 a.m.,9:32 a.m.
766,panynj,AA-3979-CVG-ORD,7:30 a.m.,8:04 a.m.,7:30 a.m.,5:50 a.m.
767,airtravelcenter,AA-3979-CVG-ORD,7:30 a.m.,1:19 p.m.,8:00 a.m.,8:06 a.m.
769,travelocity,AA-3979-CVG-ORD,7:30 a.m.,6:30 p.m.,6:55 a.m.,5:05 p.m.
774,travelocity,AA-3979-CVG-ORD,7:30 a.m.,8:04 a.m.,2:45 p.m.,11:44 a.m.
775,gofox,AA-2312-DFW-DTW,7:30 a.m.,8:04 a.m.,12:29 a.m.,8:06 a.m.
778,foxbusiness,AA-3979-CVG-ORD,7:30 a.m.,8:04 a.m.,9:43 a.m.,11:21 a.m.
783,airtravelcenter,AA-4330-CVG-ORD,7:30 a.m.,12:41 p.m.,10:45 a.m.,9:05 a.m.
787,helloflight,AA-649-ORD-SNA,7:30 a.m.,5:56 a.m.,6:40 a.m.,8:06 a.m.
788,world-flight-tracker,AA-1640-MIA-MCO,7:30 a.m.,8:04 a.m.,12:15 a.m.,8:06 a.m.
790,flightstats,AA-2525-DFW-MIA,7:30 a.m.,8:04 a.m.,8:00 a.m.,3:33 p.m.
793,airtravelcenter,CO-4888-IAH-DAL,10:40 a.m.,2:48 p.m.,11:10 a.m.,1:14 p.m.
797,flightarrival,AA-415-BOS-ORD,10:40 a.m.,11:01 a.m.,2:59 p.m.,9:14 a.m.
801,businesstravellogue,AA-1165-JFK-MIA,10:40 a.m.,7:21 a.m.,2:59 p.m.,12:29 a.m.
806,flightstats,AA-400-DFW-JFK,10:40 a.m.,11:08 p.m.,11:10 a.m.,3:14 p.m.
807,helloflight,AA-400-DFW-JFK,10:40 a.m.,10:19 a.m.,9:25 a.m.,11:56 a.m.
809,foxbusiness,CO-1694-LAX-IAH,10:40 a.m.,11:01 a.m.,10:06 a.m.,8:53 p.m.
813,aa,AA-400-DFW-JFK,10:40 a.m.,11:01 a.m.,6:23 p.m.,6:55 a.m.
815,wunderground,CO-1088-CLE-IAH,10:40 a.m.,11:01 a.m.,2:59 p.m.,3:04 p.m.
816,world-flight-tracker,AA-3468-CVG-MIA,6:45 a.m.,6:57 a.m.,5:00 p.m.,9:53 p.m.
819,flights,UA-858-PVG-SFO,6:45 a.m.,2:55 p.m.,7:45 a.m.,7:40 a.m.
821,flightarrival,AA-484-DFW-MIA,6:45 a.m.,6:57 a.m.,11:05 a.m.,7:40 a.m.
825,helloflight,AA-1733-ORD-PHX,6:45 a.m.,9:00 p.m.,9:10 p.m.,3:50 p.m.
826,flightview,AA-4277-CVG-JFK,6:45 a.m.,6:57 a.m.,6:46 p.m.,8:53 p.m.
827,travelocity,AA-415-BOS-ORD,6:45 a.m.,11:05 a.m.,11:19 a.m.,1:27 p.m.
829,gofox,AA-404-MIA-MCO,6:45 a.m.,6:57 a.m.,3:50 p.m.,3:50 p.m.
830,gofox,AA-446-DFW-PHL,6:45 a.m.,6:57 a.m.,11:10 a.m.,6:28 p.m.
831,myrateplan,AA-404-MIA-MCO,6:45 a.m.,8:29 a.m.,3:50 p.m.,12:50 p.m.
832,orbitz,AA-404-MIA-MCO,6:45 a.m.,4:28 p.m.,11:10 a.m.,1:27 p.m.
833,allegiantair,AA-404-MIA-MCO,6:45 a.m.,6:57 a.m.,7:45 a.m.,7:40 a.m.
835,orbitz,AA-431-MIA-SFO,6:45 a.m.,6:57 a.m.,2:45 p.m.,9:20 p.m.
841,world-flight-tracker,AA-59-JFK-SFO,6:45 a.m.,6:57 a.m.,10:35 a.m.,7:40 a.m.
844,foxbusiness,AA-415-BOS-ORD,8:35 a.m.,6:08 a.m.,10:40 a.m.,9:20 p.m.
845,allegiantair,UA-3050-PHX-CLT,8:35 a.m.,3:36 p.m.,10:40 a.m.,10:16 a.m.
846,boston,AA-1640-MIA-MCO,8:35 a.m.,10:10 a.m.,9:45 p.m.,6:36 p.m.
848,flights,AA-415-BOS-ORD,8:35 a.m.,12:13 p.m.,9:45 p.m.,6:28 p.m.
849,flightarrival,AA-1522-SFO-ORD,8:35 a.m.,8:12 a.m.,9:55 a.m.,10:16 a.m.
852,businesstravellogue,AA-415-BOS-ORD,8:35 a.m.,12:11 p.m.,10:40 a.m.,1:27 p.m.
854,boston,AA-415-BOS-ORD,8:35 a.m.,6:54 a.m.,10:40 a.m.,1:15 p.m.
863,flights,AA-415-BOS-ORD,8:35 a.m.,8:04 a.m.,11:45 a.m.,10:16 a.m.
864,flightarrival,AA-1007-MIA-PHX,8:35 a.m.,6:57 a.m.,11:50 a.m.,10:16 a.m.
866,airtravelcenter,AA-3-JFK-LAX,10:40 a.m.,10:54 a.m.,6:44 p.m.,12:50 p.m.
868,orbitz,AA-4198-ORD-CLE,10:40 a.m.,10:54 a.m.,12:18 p.m.,7:55 p.m.
870,flightarrival,AA-4198-ORD-CLE,10:40 a.m.,10:54 a.m.,12:21 a.m.,11:44 a.m.
871,gofox,AA-4198-ORD-CLE,10:40 a.m.,12:35 p.m.,4:17 p.m.,12:50 p.m.
875,flightaware,AA-4198-ORD-CLE,10:40 a.m.,8:29 a.m.,5:55 p.m.,9:53 p.m.
880,helloflight,UA-3373-IAD-PHL,10:40 a.m.,7:49 a.m.,7:30 a.m.,5:38 p.m.
883,ord,AA-4198-ORD-CLE,10:40 a.m.,7:58 p.m.,12:55 p.m.,12:50 p.m.
885,airtravelcenter,AA-4198-ORD-CLE,10:40 a.m.,3:36 p.m.,9:20 p.m.,9:32 a.m.
886,panynj,UA-2704-DTW-PHX,10:40 a.m.,9:00 p.m.,12:55 p.m.,12:50 p.m.
887,world-flight-tracker,AA-4198-ORD-CLE,10:40 a.m.,10:54 a.m.,12:55 p.m.,12:09 p.m.
888,world-flight-tracker,AA-1007-MIA-PHX,10:40 a.m.,10:54 a.m.,12:55 p.m.,12:50 p.m.
889,wunderground,AA-616-DFW-DTW,10:40 a.m.,10:54 a.m.,12:55 p.m.,9:20 p.m.
894,businesstravellogue,AA-4277-CVG-JFK,12:10 p.m.,6:02 a.m.,5:05 p.m.,3:14 p.m.
896,flightaware,AA-1279-DFW-PHX,12:10 p.m.,1:30 p.m.,2:15 p.m.,1:43 p.m.
897,businesstravellogue,AA-4277-CVG-JFK,12:10 p.m.,5:22 p.m.,2:35 p.m.,6:38 p.m.
900,flightview,AA-4277-CVG-JFK,12:10 p.m.,7:22 a.m.,2:15 p.m.,1:40 p.m.
904,businesstravellogue,AA-4277-CVG-JFK,12:10 p.m.,11:30 a.m.,9:55 a.m.,7:10 p.m.
913,weather,AA-404-MIA-MCO,12:10 p.m.,1:31 p.m.,2:00 p.m.,1:43 p.m.
917,airtravelcenter,AA-1007-MIA-PHX,6:45 p.m.,8:51 a.m.,10:35 a.m.,10:16 a.m.
921,flightarrival,AA-616-DFW-DTW,6:45 p.m.,8:56 a.m.,9:10 p.m.,3:30 p.m.
923,flightexplorer,UA-858-PVG-SFO,6:45 p.m.,7:58 p.m.,9:10 p.m.,1:19 p.m.
924,aa,CO-1193-EWR-MCO,6:45 p.m.,6:55 p.m.,9:10 p.m.,1:15 p.m.
927,flightwise,AA-4307-ORD-DTW,6:45 p.m.,2:10 p.m.,9:10 p.m.,9:05 a.m.
929,flytecomm,CO-47-IAH-LAX,6:45 p.m.,6:55 p.m.,4:48 p.m.,5:26 p.m.
930,orbitz,UA-6273-YYC-SFO,6:45 p.m.,10:33 a.m.,9:10 p.m.,9:20 p.m.
932,helloflight,AA-4307-ORD-DTW,6:45 p.m.,6:55 p.m.,11:19 a.m.,9:20 p.m.
935,orbitz,AA-1522-SFO-ORD,6:45 p.m.,6:55 p.m.,9:10 p.m.,2:46 p.m.
937,panynj,AA-4307-ORD-DTW,6:45 p.m.,6:55 p.m.,9:10 p.m.,5:34 p.m.
941,weather,AA-4307-ORD-DTW,6:45 p.m.,3:27 p.m.,4:00 p.m.,2:00 p.m.
944,flylouisville,AA-431-MIA-SFO,8:35 a.m.,11:56 a.m.,11:50 a.m.,11:44 a.m.
945,flightwise,UA-3925-IAD-ORF,8:35 a.m.,8:51 a.m.,8:27 a.m.,11:44 a.m.
947,businesstravellogue,AA-431-MIA-SFO,8:35 a.m.,5:56 a.m.,12:15 a.m.,9:45 a.m.
948,businesstravellogue,AA-431-MIA-SFO,8:35 a.m.,8:51 a.m.,9:55 a.m.,11:06 a.m.
950,flightaware,AA-431-MIA-SFO,8:35 a.m.,11:55 p.m.,11:50 a.m.,8:02 a.m.
956,world-flight-tracker,CO-1694-LAX-IAH,8:35 a.m.,11:56 a.m.,6:55 a.m.,3:14 p.m.
961,flightview,UA-2830-MCO-CLT,8:35 a.m.,7:39 a.m.,11:53 a.m.,11:44 a.m.
963,panynj,AA-431-MIA-SFO,8:35 a.m.,1:31 p.m.,11:50 a.m.,11:44 a.m.
964,panynj,AA-415-BOS-ORD,8:35 a.m.,2:44 p.m.,11:50 a.m.,11:12 a.m.
965,quicktrip,AA-431-MIA-SFO,8:35 a.m.,8:25 p.m.,12:10 p.m.,5:26 p.m.
966,allegiantair,AA-431-MIA-SFO,8:35 a.m.,12:12 p.m.,11:50 a.m.,3:13 p.m.
968,quicktrip,AA-431-MIA-SFO,8:35 a.m.,2:48 p.m.,11:50 a.m.,9:28 a.m.
972,airtravelcenter,AA-4330-CVG-ORD,3:35 p.m.,3:36 p.m.,2:35 p.m.,5:17 p.m.
974,boston,CO-58-DEN-IAH,3:35 p.m.,8:04 a.m.,2:50 p.m.,3:33 p.m.
976,flightaware,AA-2525-DFW-MIA,3:35 p.m.,3:36 p.m.,4:00 p.m.,3:13 p.m.
977,flightexplorer,AA-616-DFW-DTW,3:35 p.m.,3:36 p.m.,4:00 p.m.,3:31 p.m.
979,flightstats,AA-4330-CVG-ORD,3:35 p.m.,3:36 p.m.,2:45 p.m.,9:20 p.m.
981,flightstats,AA-4330-CVG-ORD,3:35 p.m.,2:10 p.m.,4:00 p.m.,3:33 p.m.
982,flylouisville,UA-382-IAD-LAX,3:35 p.m.,3:36 p.m.,4:00 p.m.,7:55 p.m.
983,panynj,CO-89-IAH-EWR,3:35 p.m.,7:25 a.m.,4:00 p.m.,7:40 a.m.
985,gofox,AA-1165-JFK-MIA,3:35 p.m.,4:12 p.m.,4:31 p.m.,8:53 p.m.
989,ord,UA-3050-PHX-CLT,3:35 p.m.,1:48 p.m.,5:55 p.m.,3:33 p.m.
990,panynj,UA-397-JFK-SFO,3:35 p.m.,6:10 a.m.,6:40 a.m.,6:34 p.m.
991,panynj,AA-4330-CVG-ORD,3:35 p.m.,2:55 p.m.,7:25 p.m.,9:31 a.m.
992,flytecomm,AA-3756-ORD-SLC,3:35 p.m.,11:30 a.m.,2:00 p.m.,9:28 a.m.
996,allegiantair,CO-1694-LAX-IAH,11:45 a.m.,12:13 p.m.,6:55 a.m.,3:14 p.m.
1000,world-flight-tracker,CO-45-EWR-MIA,11:45 a.m.,12:13 p.m.,12:10 p.m.,2:10 p.m.
1001,usatoday,AA-1664-MIA-ATL,11:45 a.m.,12:35 p.m.,2:00 p.m.,9:52 p.m.
1002,weather,AA-4344-ORD-DTW,11:45 a.m.,12:13 p.m.,8:27 a.m.,2:10 p.m.
1005,flytecomm,AA-466-IAH-MIA,11:45 a.m.,12:13 p.m.,4:49 p.m.,11:56 a.m.
1007,orbitz,AA-4344-ORD-DTW,11:45 a.m.,12:11 p.m.,2:00 p.m.,7:36 p.m.
1008,helloflight,CO-1250-MIA-IAH,11:45 a.m.,7:16 a.m.,2:00 p.m.,2:10 p.m.
1010,flylouisville,AA-4344-ORD-DTW,11:45 a.m.,2:48 p.m.,11:50 p.m.,2:10 p.m.
1013,flytecomm,AA-2050-ORD-MIA,11:45 a.m.,12:13 p.m.,11:50 p.m.,1:15 p.m.
1014,quicktrip,AA-4344-ORD-DTW,11:45 a.m.,9:00 p.m.,10:31 a.m.,2:10 p.m.
1015,travelocity,AA-649-ORD-SNA,11:45 a.m.,9:14 a.m.,4:53 p.m.,7:40 a.m.
1018,airtravelcenter,AA-789-ORD-DEN,11:50 a.m.,1:48 p.m.,7:35 p.m.,7:17 a.m.
1020,boston,AA-3804-PHL-ORD,11:50 a.m.,4:12 p.m.,3:50 p.m.,5:43 p.m.
1021,foxbusiness,AA-446-DFW-PHL,11:50 a.m.,12:12 p.m.,6:40 a.m.,9:32 a.m.
1022,dfw,AA-446-DFW-PHL,11:50 a.m.,11:52 a.m.,3:50 p.m.,4:09 p.m.
1023,flights,CO-16-LAX-EWR,11:50 a.m.,7:30 a.m.,3:50 p.m.,1:43 p.m.
1024,ua,AA-446-DFW-PHL,11:50 a.m.,12:12 p.m.,2:00 p.m.,11:56 a.m.
1029,flytecomm,UA-858-PVG-SFO,11:50 a.m.,12:10 p.m.,2:45 p.m.,6:15 p.m.
1032,flights,CO-1088-CLE-IAH,11:50 a.m.,12:12 p.m.,3:50 p.m.,4:09 p.m.
1035,orbitz,UA-397-JFK-SFO,11:50 a.m.,12:12 p.m.,3:50 p.m.,11:32 a.m.
1036,panynj,AA-431-MIA-SFO,11:50 a.m.,8:51 a.m.,3:50 p.m.,4:44 p.m.
1041,world-flight-tracker,AA-446-DFW-PHL,11:50 a.m.,12:12 p.m.,4:31 p.m.,4:09 p.m.
1042,airtravelcenter,AA-466-IAH-MIA,11:50 a.m.,12:12 p.m.,5:05 p.m.,9:05 a.m.
1043,ord,AA-466-IAH-MIA,6:00 a.m.,6:08 a.m.,9:20 a.m.,4:23 p.m.
1044,foxbusiness,AA-4330-CVG-ORD,6:00 a.m.,6:08 a.m.,11:53 a.m.,3:14 p.m.
1048,myrateplan,CO-1586-IAH-MCO,6:00 a.m.,12:13 p.m.,9:20 a.m.,9:05 a.m.
1049,flightaware,AA-466-IAH-MIA,6:00 a.m.,7:21 a.m.,3:50 p.m.,1:15 p.m.
1050,flightexplorer,AA-466-IAH-MIA,6:00 a.m.,10:18 a.m.,11:35 a.m.,9:05 a.m.
1054,flightstats,AA-466-IAH-MIA,6:00 a.m.,6:08 a.m.,8:56 p.m.,9:05 a.m.
1057,world-flight-tracker,AA-1522-SFO-ORD,6:00 a.m.,6:08 a.m.,9:20 a.m.,9:05 a.m.
1061,flightaware,AA-466-IAH-MIA,6:00 a.m.,1:48 p.m.,2:59 p.m.,5:43 p.m.
1062,orbitz,CO-1694-LAX-IAH,6:00 a.m.,6:08 a.m.,9:20 a.m.,8:06 a.m.
1063,flylouisville,AA-466-IAH-MIA,6:00 a.m.,7:30 a.m.,9:20 a.m.,9:05 a.m.
1065,ifly,AA-466-IAH-MIA,6:00 a.m.,9:14 a.m.,6:40 a.m.,11:50 p.m.
1067,weather,AA-466-IAH-MIA,6:00 a.m.,7:21 a.m.,1:45 p.m.,9:05 a.m.
1068,world-flight-tracker,AA-466-IAH-MIA,6:00 a.m.,6:08 a.m.,6:15 p.m.,6:34 p.m.
1070,aa,UA-2704-DTW-PHX,4:15 p.m.,12:41 a.m.,7:53 p.m.,10:30 p.m.
1071,airtravelcenter,AA-484-DFW-MIA,4:15 p.m.,11:56 a.m.,7:55 p.m.,10:29 p.m.
1074,flightstats,AA-484-DFW-MIA,4:15 p.m.,10:19 a.m.,5:55 p.m.,1:27 p.m.
1075,flights,CO-1193-EWR-MCO,4:15 p.m.,3:36 p.m.,11:50 a.m.,7:39 p.m.
1079,myrateplan,AA-484-DFW-MIA,4:15 p.m.,8:56 a.m.,10:45 a.m.,7:39 p.m.
1084,aa,AA-484-DFW-MIA,4:15 p.m.,5:22 p.m.,8:05 p.m.,8:53 p.m.
1086,mytripandmore,AA-2268-PHX-ORD,4:15 p.m.,4:29 p.m.,5:50 a.m.,11:01 a.m.
1091,panynj,AA-484-DFW-MIA,4:15 p.m.,4:29 p.m.,8:22 p.m.,11:01 a.m.
1092,panynj,AA-484-DFW-MIA,4:15 p.m.,11:15 a.m.,11:55 a.m.,7:39 p.m.
1093,flightarrival,AA-484-DFW-MIA,4:15 p.m.,4:29 p.m.,1:45 p.m.,7:39 p.m.
1094,world-flight-tracker,UA-2515-DFW-CLT,4:15 p.m.,11:01 a.m.,7:55 p.m.,7:39 p.m.
1095,boston,UA-858-PVG-SFO,4:15 p.m.,8:42 a.m.,9:10 p.m.,3:50 p.m.
1096,helloflight,AA-518-MIA-JFK,6:40 a.m.,6:54 a.m.,6:15 p.m.,9:28 a.m.
1097,allegiantair,AA-4277-CVG-JFK,6:40 a.m.,6:54 a.m.,4:49 p.m.,4:17 p.m.
1099,boston,AA-518-MIA-JFK,6:40 a.m.,7:21 a.m.,6:44 p.m.,9:28 a.m.
1101,flightaware,UA-382-IAD-LAX,6:40 a.m.,5:22 p.m.,9:25 a.m.,9:28 a.m.
1102,flights,UA-2515-DFW-CLT,6:40 a.m.,6:57 a.m.,10:35 a.m.,3:33 p.m.
1103,myrateplan,AA-518-MIA-JFK,6:40 a.m.,6:54 a.m.,10:20 a.m.,2:46 p.m.
1105,flylouisville,AA-1007-MIA-PHX,6:40 a.m.,6:54 a.m.,9:25 a.m.,9:20 p.m.
1107,foxbusiness,AA-1640-MIA-MCO,6:40 a.m.,11:56 a.m.,12:10 p.m.,9:28 a.m.
1109,businesstravellogue,CO-50-CLE-EWR,6:40 a.m.,11:05 a.m.,9:25 a.m.,9:28 a.m.
1110,boston,CO-1023-IAH-DEN,6:40 a.m.,6:54 a.m.,2:35 p.m.,4:23 p.m.
1111,gofox,CO-1023-IAH-DEN,6:40 a.m.,6:54 a.m.,4:05 p.m.,9:53 p.m.
1115,panynj,AA-518-MIA-JFK,6:40 a.m.,6:54 a.m.,9:25 a.m.,5:05 p.m.
1116,weather,AA-204-LAX-MCO,6:40 a.m.,12:10 p.m.,9:25 a.m.,9:28 a.m.
1124,orbitz,AA-59-JFK-SFO,7:10 a.m.,7:39 a.m.,12:55 p.m.,11:12 a.m.
1128,flights,AA-59-JFK-SFO,7:10 a.m.,7:39 a.m.,7:25 p.m.,3:50 p.m.
1131,airtravelcenter,UA-248-PHX-ORD,7:10 a.m.,11:30 a.m.,4:05 p.m.,11:12 a.m.
1133,foxbusiness,AA-3756-ORD-SLC,7:10 a.m.,7:39 a.m.,11:50 a.m.,11:12 a.m.
1137,myrateplan,AA-59-JFK-SFO,7:10 a.m.,3:11 a.m.,10:45 a.m.,11:12 a.m.
1138,orbitz,AA-59-JFK-SFO,7:10 a.m.,3:01 p.m.,10:35 a.m.,7:51 a.m.
1145,flightaware,AA-59-JFK-SFO,7:10 a.m.,8:04 a.m.,9:55 a.m.,11:44 a.m.
1146,world-flight-tracker,AA-59-JFK-SFO,7:10 a.m.,4:12 p.m.,4:05 p.m.,11:12 a.m.
1152,businesstravellogue,AA-2268-PHX-ORD,9:05 a.m.,10:10 a.m.,12:35 p.m.,9:43 a.m.
1155,flightarrival,UA-397-JFK-SFO,9:05 a.m.,10:10 a.m.,12:35 p.m.,1:27 p.m.
1156,flights,AA-616-DFW-DTW,9:05 a.m.,1:32 p.m.,12:55 p.m.,1:27 p.m.
1159,flylouisville,AA-616-DFW-DTW,9:05 a.m.,10:10 a.m.,3:30 p.m.,10:04 a.m.
1162,foxbusiness,AA-616-DFW-DTW,9:05 a.m.,6:55 p.m.,1:40 p.m.,9:05 a.m.
1164,ifly,UA-3050-PHX-CLT,9:05 a.m.,3:11 a.m.,6:30 p.m.,1:27 p.m.
1165,myrateplan,AA-59-JFK-SFO,9:05 a.m.,1:32 p.m.,4:57 p.m.,1:27 p.m.
1166,orbitz,AA-616-DFW-DTW,9:05 a.m.,2:55 p.m.,4:48 p.m.,10:47 a.m.
1169,quicktrip,AA-1007-MIA-PHX,9:05 a.m.,3:27 p.m.,11:50 p.m.,9:43 a.m.
1172,world-flight-tracker,AA-2525-DFW-MIA,9:05 a.m.,10:10 a.m.,12:35 p.m.,10:29 p.m.
1174,aa,UA-854-SFO-IAH,7:10 a.m.,7:30 a.m.,8:00 a.m.,3:30 p.m.
1176,mytripandmore,AA-518-MIA-JFK,7:10 a.m.,11:56 a.m.,9:43 a.m.,9:31 a.m.
1181,flights,AA-643-MIA-ORD,7:10 a.m.,7:15 p.m.,4:31 p.m.,9:31 a.m.
1182,flightwise,AA-643-MIA-ORD,7:10 a.m.,7:30 a.m.,5:55 p.m.,9:31 a.m.
1183,travelocity,CO-1088-CLE-IAH,7:10 a.m.,11:15 a.m.,9:35 a.m.,9:31 a.m.
1188,travelocity,AA-643-MIA-ORD,7:10 a.m.,7:25 a.m.,9:35 a.m.,9:31 a.m.
1190,orbitz,UA-382-IAD-LAX,7:10 a.m.,7:30 a.m.,9:35 a.m.,5:50 a.m.
1195,boston,AA-1664-MIA-ATL,7:10 a.m.,7:30 a.m.,9:35 a.m.,9:31 a.m.
1198,wunderground,AA-643-MIA-ORD,7:10 a.m.,7:30 a.m.,9:35 a.m.,12:09 p.m.
1199,flightarrival,AA-3063-SLC-LAX,7:10 a.m.,3:27 p.m.,9:35 a.m.,9:31 a.m.
1201,flightview,UA-3099-PHX-PHL,1:30 p.m.,2:10 p.m.,7:03 p.m.,3:50 p.m.
1204,businesstravellogue,AA-1544-SAN-ORD,1:30 p.m.,1:30 p.m.,3:50 p.m.,3:13 p.m.
1205,world-flight-tracker,AA-1733-ORD-PHX,1:30 p.m.,5:30 p.m.,4:31 p.m.,3:50 p.m.
1210,myrateplan,AA-649-ORD-SNA,1:30 p.m.,1:30 p.m.,10:31 a.m.,1:14 p.m.
1214,myrateplan,AA-2525-DFW-MIA,1:30 p.m.,1:30 p.m.,7:25 p.m.,3:50 p.m.
1216,flylouisville,AA-649-ORD-SNA,1:30 p.m.,1:30 p.m.,5:00 p.m.,4:44 p.m.
1217,CO,AA-649-ORD-SNA,1:30 p.m.,7:22 a.m.,3:15 p.m.,3:50 p.m.
1218,aa,AA-3756-ORD-SLC,1:30 p.m.,11:40 a.m.,3:50 p.m.,3:50 p.m.
1219,weather,AA-649-ORD-SNA,1:30 p.m.,1:30 p.m.,6:30 p.m.,3:50 p.m.
1221,flytecomm,CO-1193-EWR-MCO,1:30 p.m.,2:26 p.m.,3:50 p.m.,5:11 a.m.
1222,aa,UA-2906-PHL-MCO,1:05 p.m.,1:19 p.m.,9:55 a.m.,1:43 p.m.
1223,airtravelcenter,AA-484-DFW-MIA,1:05 p.m.,6:08 a.m.,4:31 p.m.,3:13 p.m.
1224,allegiantair,AA-789-ORD-DEN,1:05 p.m.,1:19 p.m.,11:10 a.m.,9:28 a.m.
1228,flights,AA-789-ORD-DEN,1:05 p.m.,10:18 a.m.,2:35 p.m.,3:13 p.m.
1232,flightstats,AA-1886-BOS-MIA,1:05 p.m.,7:21 a.m.,10:06 a.m.,10:56 a.m.
1233,flights,AA-789-ORD-DEN,1:05 p.m.,6:54 a.m.,2:45 p.m.,9:20 p.m.
1234,boston,AA-3468-CVG-MIA,1:05 p.m.,7:21 a.m.,2:35 p.m.,7:10 p.m.
1240,flights,AA-1733-ORD-PHX,1:05 p.m.,11:40 a.m.,2:35 p.m.,3:13 p.m.
1242,ord,AA-1733-ORD-PHX,1:05 p.m.,1:19 p.m.,4:31 p.m.,3:13 p.m.
1244,myrateplan,AA-4307-ORD-DTW,1:05 p.m.,1:19 p.m.,2:35 p.m.,3:13 p.m.
1245,boston,AA-789-ORD-DEN,1:05 p.m.,1:19 p.m.,2:20 p.m.,3:13 p.m.
1247,wunderground,AA-1640-MIA-MCO,1:05 p.m.,1:19 p.m.,2:35 p.m.,6:38 p.m.
1249,flylouisville,AA-4277-CVG-JFK,1:05 p.m.,1:19 p.m.,4:31 p.m.,3:13 p.m.
1250,flightexplorer,UA-2726-FLL-PHL,3:05 p.m.,10:20 a.m.,6:30 p.m.,9:53 p.m.
1251,mytripandmore,AA-204-LAX-MCO,3:05 p.m.,3:36 p.m.,6:55 a.m.,1:30 p.m.
1255,gofox,AA-85-JFK-SFO,3:05 p.m.,8:04 a.m.,6:30 p.m.,12:29 a.m.
1256,panynj,UA-37-EDI-EWR,3:05 p.m.,7:58 p.m.,2:35 p.m.,6:43 p.m.
1258,flightstats,AA-85-JFK-SFO,3:05 p.m.,2:10 p.m.,8:00 a.m.,1:43 p.m.
1261,flylouisville,AA-85-JFK-SFO,3:05 p.m.,3:36 p.m.,6:30 p.m.,6:43 p.m.
1262,flytecomm,AA-85-JFK-SFO,3:05 p.m.,3:36 p.m.,6:30 p.m.,4:59 p.m.
1268,myrateplan,UA-414-LAX-SFO,3:05 p.m.,3:36 p.m.,6:23 p.m.,6:43 p.m.
1269,foxbusiness,AA-85-JFK-SFO,3:05 p.m.,11:32 a.m.,6:44 p.m.,4:44 p.m.
1271,travelocity,AA-85-JFK-SFO,3:05 p.m.,11:56 a.m.,5:11 a.m.,6:43 p.m.
1272,travelocity,CO-50-CLE-EWR,3:05 p.m.,3:36 p.m.,12:55 p.m.,5:05 p.m.
1274,world-flight-tracker,AA-789-ORD-DEN,3:05 p.m.,3:27 p.m.,5:55 p.m.,6:43 p.m.
1278,businesstravellogue,AA-4277-CVG-JFK,11:40 a.m.,11:56 a.m.,1:17 p.m.,11:44 a.m.
1279,boston,UA-2830-MCO-CLT,11:40 a.m.,11:56 a.m.,1:17 p.m.,1:14 p.m.
1289,foxbusiness,UA-5487-SFO-MRY,11:40 a.m.,2:04 p.m.,1:17 p.m.,1:14 p.m.
1290,gofox,CO-1023-IAH-DEN,11:40 a.m.,11:56 a.m.,6:40 p.m.,1:14 p.m.
1294,flylouisville,CO-4888-IAH-DAL,11:40 a.m.,11:56 a.m.,1:17 p.m.,1:14 p.m.
1295,panynj,AA-4307-ORD-DTW,11:40 a.m.,9:00 p.m.,7:45 a.m.,10:16 a.m.
1296,quicktrip,CO-50-CLE-EWR,11:40 a.m.,11:56 a.m.,5:50 a.m.,12:21 a.m.
1300,allegiantair,AA-4307-ORD-DTW,8:40 a.m.,3:31 p.m.,10:54 a.m.,1:19 p.m.
1306,flylouisville,CO-50-CLE-EWR,8:40 a.m.,7:49 a.m.,11:50 p.m.,5:05 p.m.
1309,flightarrival,CO-1088-CLE-IAH,8:40 a.m.,11:55 a.m.,10:54 a.m.,8:03 p.m.
1311,dfw,CO-1088-CLE-IAH,8:40 a.m.,8:40 a.m.,10:54 a.m.,1:19 p.m.
1315,quicktrip,CO-1088-CLE-IAH,8:40 a.m.,11:52 a.m.,1:17 p.m.,6:40 p.m.
1317,weather,CO-1088-CLE-IAH,8:40 a.m.,8:40 a.m.,10:54 a.m.,3:21 p.m.
1320,flights,CO-1090-BOS-IAH,9:45 a.m.,10:19 a.m.,4:57 p.m.,7:58 p.m.
1322,businesstravellogue,CO-1090-BOS-IAH,9:45 a.m.,10:19 a.m.,1:16 p.m.,10:29 p.m.
1324,flights,UA-2906-PHL-MCO,9:45 a.m.,7:14 p.m.,6:15 p.m.,9:28 a.m.
1330,gofox,CO-1090-BOS-IAH,9:45 a.m.,8:04 a.m.,1:16 p.m.,1:40 p.m.
1332,ifly,AA-415-BOS-ORD,9:45 a.m.,10:19 a.m.,1:16 p.m.,6:36 p.m.
1333,myrateplan,CO-1090-BOS-IAH,9:45 a.m.,10:19 a.m.,4:57 p.m.,5:43 p.m.
1338,weather,CO-1090-BOS-IAH,9:45 a.m.,10:19 a.m.,5:15 p.m.,9:32 a.m.
1339,CO,CO-1193-EWR-MCO,9:15 a.m.,10:55 a.m.,3:15 p.m.,1:19 p.m.
1341,allegiantair,CO-1193-EWR-MCO,9:15 a.m.,9:14 a.m.,4:05 p.m.,12:09 p.m.
1342,boston,CO-1193-EWR-MCO,9:15 a.m.,9:14 a.m.,12:18 p.m.,12:09 p.m.
1343,businesstravellogue,CO-1561-PHX-IAH,9:15 a.m.,10:54 a.m.,12:18 p.m.,6:19 a.m.
1353,aa,AA-3063-SLC-LAX,9:15 a.m.,8:40 a.m.,12:18 p.m.,12:09 p.m.
1354,boston,CO-1193-EWR-MCO,9:15 a.m.,5:56 a.m.,12:18 p.m.,12:09 p.m.
1355,gofox,AA-484-DFW-MIA,9:15 a.m.,9:14 a.m.,7:30 a.m.,2:00 p.m.
1358,flightexplorer,CO-1193-EWR-MCO,9:15 a.m.,9:14 a.m.,12:18 p.m.,12:09 p.m.
1362,gofox,CO-1193-EWR-MCO,9:15 a.m.,9:14 a.m.,12:18 p.m.,11:44 a.m.
1366,orbitz,AA-2268-PHX-ORD,2:53 p.m.,4:28 p.m.,4:31 p.m.,5:43 p.m.
1369,orbitz,CO-1250-MIA-IAH,2:53 p.m.,12:41 p.m.,4:48 p.m.,10:47 a.m.
1374,flytecomm,AA-59-JFK-SFO,2:53 p.m.,10:18 a.m.,2:35 p.m.,7:10 p.m.
1376,travelocity,CO-1614-LAX-IAH,2:53 p.m.,3:01 p.m.,2:45 p.m.,12:29 a.m.
1377,wunderground,CO-1250-MIA-IAH,2:53 p.m.,7:58 p.m.,10:35 a.m.,5:05 p.m.
1378,mytripandmore,CO-1614-LAX-IAH,2:53 p.m.,7:15 p.m.,4:05 p.m.,4:59 p.m.
1379,myrateplan,CO-1250-MIA-IAH,2:53 p.m.,3:01 p.m.,4:48 p.m.,4:59 p.m.
1385,flytecomm,AA-4344-ORD-DTW,2:53 p.m.,11:01 a.m.,4:48 p.m.,3:21 p.m.
1388,orbitz,CO-52-IAH-LAX,8:05 a.m.,8:00 a.m.,11:35 a.m.,11:32 a.m.
1392,flightarrival,CO-1561-PHX-IAH,8:05 a.m.,8:00 a.m.,7:03 p.m.,11:32 a.m.
1393,flightarrival,AA-3-JFK-LAX,8:05 a.m.,6:54 a.m.,11:35 a.m.,11:32 a.m.
1394,orbitz,CO-1561-PHX-IAH,8:05 a.m.,9:14 a.m.,11:35 a.m.,12:09 p.m.
1395,flytecomm,CO-1561-PHX-IAH,8:05 a.m.,8:26 a.m.,8:05 p.m.,6:34 p.m.
1396,flightview,CO-1614-LAX-IAH,8:05 a.m.,6:57 a.m.,11:35 a.m.,4:59 p.m.
1397,flylouisville,CO-1561-PHX-IAH,8:05 a.m.,8:00 a.m.,2:59 p.m.,1:19 p.m.
1401,helloflight,AA-3859-IAH-ORD,8:05 a.m.,7:05 a.m.,1:16 p.m.,3:13 p.m.
1402,aa,UA-664-ORD-PHL,8:05 a.m.,8:12 a.m.,11:35 a.m.,7:58 p.m.
1404,panynj,CO-1561-PHX-IAH,8:05 a.m.,3:27 p.m.,4:49 p.m.,11:32 a.m.
1409,airtravelcenter,AA-1640-MIA-MCO,7:00 p.m.,7:14 p.m.,9:54 a.m.,10:29 p.m.
1411,flightview,CO-1586-IAH-MCO,7:00 p.m.,10:10 a.m.,1:17 p.m.,11:44 a.m.
1420,foxbusiness,CO-1586-IAH-MCO,7:00 p.m.,2:48 p.m.,10:15 p.m.,3:04 p.m.
1422,flytecomm,CO-1586-IAH-MCO,7:00 p.m.,7:14 p.m.,1:45 p.m.,10:29 p.m.
1425,flightexplorer,CO-1586-IAH-MCO,7:00 p.m.,7:49 a.m.,1:16 p.m.,3:16 p.m.
1433,allegiantair,CO-16-LAX-EWR,10:25 a.m.,1:19 p.m.,6:40 p.m.,2:46 p.m.
1434,boston,AA-1544-SAN-ORD,10:25 a.m.,6:08 a.m.,4:05 p.m.,9:45 a.m.
1447,foxbusiness,AA-271-MIA-LAX,10:25 a.m.,6:54 a.m.,6:44 p.m.,9:13 a.m.
1450,usatoday,CO-16-LAX-EWR,10:25 a.m.,7:25 a.m.,10:31 a.m.,9:20 p.m.
1451,weather,CO-16-LAX-EWR,10:25 a.m.,10:20 a.m.,4:31 p.m.,6:34 p.m.
1452,CO,CO-1614-LAX-IAH,12:30 a.m.,7:05 a.m.,5:35 a.m.,5:26 a.m.
1457,flightarrival,CO-1614-LAX-IAH,12:30 a.m.,3:27 p.m.,5:35 a.m.,5:26 a.m.
1458,flightexplorer,UA-938-DEN-ORD,12:30 a.m.,12:41 a.m.,8:22 p.m.,5:26 a.m.
1460,panynj,AA-1434-DFW-MCO,12:30 a.m.,7:25 a.m.,5:35 a.m.,10:36 a.m.
1462,helloflight,CO-1614-LAX-IAH,12:30 a.m.,6:57 a.m.,6:30 p.m.,10:04 a.m.
1463,airtravelcenter,UA-664-ORD-PHL,12:30 a.m.,12:41 a.m.,5:35 a.m.,5:26 a.m.
1464,foxbusiness,CO-1614-LAX-IAH,12:30 a.m.,6:02 a.m.,5:35 a.m.,7:55 p.m.
1466,helloflight,AA-400-DFW-JFK,12:30 a.m.,12:41 a.m.,12:55 p.m.,9:32 a.m.
1478,businesstravellogue,CO-1694-LAX-IAH,7:15 p.m.,7:15 p.m.,5:11 a.m.,12:21 a.m.
1479,flightarrival,AA-2050-ORD-MIA,7:15 p.m.,7:15 p.m.,12:21 a.m.,12:21 a.m.
1480,flightaware,CO-1694-LAX-IAH,7:15 p.m.,7:15 p.m.,5:50 a.m.,12:21 a.m.
1483,flightview,CO-1586-IAH-MCO,7:15 p.m.,2:04 p.m.,4:57 p.m.,12:21 a.m.
1486,businesstravellogue,CO-1694-LAX-IAH,7:15 p.m.,3:36 p.m.,1:39 p.m.,11:06 a.m.
1489,helloflight,CO-1694-LAX-IAH,7:15 p.m.,7:21 a.m.,12:21 a.m.,12:21 a.m.
1492,flytecomm,AA-4344-ORD-DTW,7:15 p.m.,7:15 p.m.,12:21 a.m.,6:38 p.m.
1494,quicktrip,AA-2525-DFW-MIA,7:15 p.m.,11:05 a.m.,2:45 p.m.,12:21 a.m.
1495,travelocity,AA-518-MIA-JFK,7:15 p.m.,3:36 p.m.,12:18 p.m.,9:05 a.m.
1497,weather,UA-233-LAX-JFK,7:15 p.m.,7:15 p.m.,12:21 a.m.,3:50 p.m.
1501,airtravelcenter,AA-1279-DFW-PHX,4:00 p.m.,7:30 a.m.,7:05 p.m.,9:31 a.m.
1502,businesstravellogue,AA-271-MIA-LAX,4:00 p.m.,3:58 p.m.,9:20 a.m.,4:09 p.m.
1508,flightview,AA-1917-JFK-MCO,4:00 p.m.,3:58 p.m.,7:05 p.m.,1:19 p.m.
1509,airtravelcenter,CO-45-EWR-MIA,4:00 p.m.,6:55 p.m.,7:05 p.m.,6:36 p.m.
1510,flightview,CO-62-IAH-EWR,4:00 p.m.,3:58 p.m.,7:05 p.m.,8:45 a.m.
1513,flightwise,UA-37-EDI-EWR,4:00 p.m.,3:58 p.m.,7:05 p.m.,11:01 a.m.
1515,helloflight,AA-4198-ORD-CLE,4:00 p.m.,11:05 a.m.,7:05 p.m.,6:36 p.m.
1516,panynj,CO-1090-BOS-IAH,4:00 p.m.,11:40 a.m.,7:05 p.m.,6:36 p.m.
1520,flytecomm,UA-2704-DTW-PHX,4:00 p.m.,3:58 p.m.,10:35 a.m.,12:15 a.m.
1523,airtravelcenter,CO-47-IAH-LAX,7:10 p.m.,8:25 p.m.,8:56 p.m.,3:14 p.m.
1527,flightaware,AA-2268-PHX-ORD,7:10 p.m.,7:14 p.m.,8:56 p.m.,9:52 p.m.
1529,businesstravellogue,UA-858-PVG-SFO,7:10 p.m.,4:00 p.m.,1:45 p.m.,9:52 p.m.
1538,businesstravellogue,CO-47-IAH-LAX,7:10 p.m.,6:08 a.m.,8:56 p.m.,3:31 p.m.
1543,flightstats,AA-404-MIA-MCO,5:30 p.m.,5:30 p.m.,4:57 p.m.,6:40 p.m.
1545,allegiantair,UA-2515-DFW-CLT,5:30 p.m.,5:30 p.m.,7:55 p.m.,3:30 p.m.
1547,orbitz,CO-4888-IAH-DAL,5:30 p.m.,6:57 a.m.,4:00 p.m.,7:58 p.m.
1551,quicktrip,CO-4888-IAH-DAL,5:30 p.m.,4:12 p.m.,6:40 p.m.,9:56 a.m.
1557,gofox,CO-45-EWR-MIA,5:30 p.m.,2:44 p.m.,6:40 p.m.,6:40 p.m.
1559,myrateplan,CO-4888-IAH-DAL,5:30 p.m.,5:30 p.m.,6:40 p.m.,6:40 p.m.
1560,flightview,AA-1522-SFO-ORD,5:30 p.m.,5:30 p.m.,6:40 p.m.,4:44 p.m.
1564,CO,AA-4307-ORD-DTW,5:30 p.m.,12:11 p.m.,6:40 p.m.,1:27 p.m.
1567,phl,CO-50-CLE-EWR,2:55 p.m.,7:22 a.m.,4:49 p.m.,2:10 p.m.
1570,boston,UA-2906-PHL-MCO,2:55 p.m.,3:31 p.m.,2:59 p.m.,9:52 p.m.
1572,flightstats,AA-271-MIA-LAX,2:55 p.m.,3:31 p.m.,6:23 p.m.,5:26 p.m.
1573,gofox,CO-63-EWR-IAH,2:55 p.m.,3:31 p.m.,4:49 p.m.,5:26 p.m.
1574,flylouisville,CO-50-CLE-EWR,2:55 p.m.,11:55 p.m.,7:30 a.m.,5:26 p.m.
1577,orbitz,UA-6273-YYC-SFO,2:55 p.m.,9:00 p.m.,8:22 p.m.,5:26 p.m.
1578,flightview,UA-3925-IAD-ORF,2:55 p.m.,3:31 p.m.,5:15 p.m.,5:26 p.m.
1579,myrateplan,CO-50-CLE-EWR,2:55 p.m.,7:22 a.m.,4:49 p.m.,5:26 p.m.
1587,businesstravellogue,AA-3786-IAH-ORD,7:35 a.m.,6:30 p.m.,8:05 p.m.,9:14 a.m.
1590,flightstats,AA-1640-MIA-MCO,7:35 a.m.,7:21 a.m.,9:21 a.m.,9:14 a.m.
1594,flightstats,UA-2515-DFW-CLT,7:35 a.m.,6:02 a.m.,9:21 a.m.,9:14 a.m.
1599,gofox,CO-52-IAH-LAX,7:35 a.m.,6:54 a.m.,9:21 a.m.,1:14 p.m.
1601,weather,AA-400-DFW-JFK,7:35 a.m.,7:29 a.m.,9:21 a.m.,1:15 p.m.
1605,wunderground,UA-62-IAH-EWR,7:35 a.m.,7:29 a.m.,9:21 a.m.,9:14 a.m.
1606,CO,UA-2726-FLL-PHL,11:25 a.m.,3:27 p.m.,2:50 p.m.,10:30 p.m.
1607,airtravelcenter,AA-3804-PHL-ORD,11:25 a.m.,8:00 a.m.,9:54 a.m.,3:31 p.m.
1612,orbitz,UA-233-LAX-JFK,11:25 a.m.,11:32 a.m.,2:50 p.m.,3:31 p.m.
1613,flightstats,CO-1193-EWR-MCO,11:25 a.m.,11:32 a.m.,10:31 a.m.,3:31 p.m.
1618,world-flight-tracker,CO-58-DEN-IAH,11:25 a.m.,11:32 a.m.,8:56 p.m.,3:16 p.m.
1626,flightwise,AA-3842-MSP-ORD,2:30 p.m.,2:48 p.m.,11:10 a.m.,7:10 p.m.
1627,airtravelcenter,AA-649-ORD-SNA,2:30 p.m.,12:41 a.m.,7:03 p.m.,3:30 p.m.
1628,quicktrip,CO-62-IAH-EWR,2:30 p.m.,2:48 p.m.,7:03 p.m.,3:16 p.m.
1631,flightview,AA-1664-MIA-ATL,2:30 p.m.,2:48 p.m.,5:25 p.m.,7:10 p.m.
1632,flightview,AA-4198-ORD-CLE,2:30 p.m.,2:48 p.m.,4:53 p.m.,7:10 p.m.
1634,flightview,UA-248-PHX-ORD,2:30 p.m.,8:04 a.m.,4:49 p.m.,5:05 p.m.
1636,flylouisville,UA-382-IAD-LAX,2:30 p.m.,8:42 a.m.,6:30 p.m.,7:10 p.m.
1640,myrateplan,CO-1561-PHX-IAH,2:30 p.m.,10:19 a.m.,7:03 p.m.,7:10 p.m.
1644,quicktrip,CO-62-IAH-EWR,2:30 p.m.,2:48 p.m.,9:20 a.m.,9:53 p.m.
1645,flights,CO-62-IAH-EWR,2:30 p.m.,2:48 p.m.,7:03 p.m.,9:13 a.m.
1646,flightstats,AA-3804-PHL-ORD,2:30 p.m.,12:41 a.m.,10:31 a.m.,7:10 p.m.
1647,travelocity,AA-3-JFK-LAX,5:25 p.m.,5:22 p.m.,8:22 p.m.,8:03 p.m.
1649,gofox,AA-3063-SLC-LAX,5:25 p.m.,5:22 p.m.,9:40 a.m.,8:03 p.m.
1652,gofox,CO-89-IAH-EWR,5:25 p.m.,12:12 p.m.,8:22 p.m.,3:30 p.m.
1655,foxbusiness,CO-63-EWR-IAH,5:25 p.m.,1:32 p.m.,12:21 a.m.,8:03 p.m.
1658,aa,AA-643-MIA-ORD,5:25 p.m.,8:25 p.m.,8:22 p.m.,8:03 p.m.
1659,foxbusiness,UA-397-JFK-SFO,5:25 p.m.,5:22 p.m.,1:16 p.m.,8:03 p.m.
1661,weather,CO-63-EWR-IAH,5:25 p.m.,5:22 p.m.,10:20 a.m.,8:03 p.m.
1664,flights,CO-1193-EWR-MCO,5:25 p.m.,11:56 a.m.,7:55 p.m.,6:55 a.m.
1665,quicktrip,CO-63-EWR-IAH,5:25 p.m.,1:32 p.m.,6:40 p.m.,8:03 p.m.
1668,weather,CO-89-IAH-EWR,6:00 a.m.,7:30 a.m.,10:20 a.m.,7:55 p.m.
1669,sfo,CO-89-IAH-EWR,6:00 a.m.,1:30 p.m.,12:15 a.m.,10:27 a.m.
1672,businesstravellogue,AA-1733-ORD-PHX,6:00 a.m.,6:02 a.m.,1:40 p.m.,10:04 a.m.
1674,flights,CO-89-IAH-EWR,6:00 a.m.,7:22 a.m.,11:05 a.m.,6:43 p.m.
1680,flightview,AA-59-JFK-SFO,6:00 a.m.,3:58 p.m.,10:20 a.m.,10:27 a.m.
1683,myrateplan,UA-3925-IAD-ORF,6:00 a.m.,6:02 a.m.,10:20 a.m.,7:40 a.m.
1685,flylouisville,UA-62-IAH-EWR,6:00 a.m.,11:30 a.m.,10:20 a.m.,9:56 a.m.
1691,panynj,AA-1165-JFK-MIA,8:55 a.m.,3:58 p.m.,11:45 a.m.,11:56 a.m.
1695,flylouisville,UA-1500-IAH-GUA,8:55 a.m.,3:27 p.m.,11:45 a.m.,10:29 p.m.
1697,foxbusiness,CO-1614-LAX-IAH,8:55 a.m.,12:41 a.m.,11:53 a.m.,7:40 a.m.
1698,gofox,UA-1500-IAH-GUA,8:55 a.m.,9:16 a.m.,11:45 a.m.,3:43 p.m.
1699,helloflight,CO-16-LAX-EWR,8:55 a.m.,6:56 a.m.,6:46 p.m.,6:19 a.m.
1702,panynj,AA-222-LAX-BOS,8:55 a.m.,9:16 a.m.,11:45 a.m.,5:26 p.m.
1704,ord,AA-404-MIA-MCO,8:55 a.m.,8:42 a.m.,9:54 a.m.,6:36 p.m.
1705,travelocity,UA-2314-ATL-PHL,2:55 p.m.,1:30 p.m.,9:43 a.m.,2:46 p.m.
1706,flytecomm,UA-2314-ATL-PHL,2:55 p.m.,8:39 p.m.,5:00 p.m.,9:20 p.m.
1708,flightview,AA-3-JFK-LAX,2:55 p.m.,2:55 p.m.,5:00 p.m.,4:23 p.m.
1711,gofox,CO-89-IAH-EWR,2:55 p.m.,5:30 p.m.,5:00 p.m.,7:39 p.m.
1713,gofox,AA-59-JFK-SFO,2:55 p.m.,2:55 p.m.,5:00 p.m.,4:47 p.m.
1714,flytecomm,UA-1500-IAH-GUA,2:55 p.m.,10:20 a.m.,5:00 p.m.,2:00 p.m.
1716,gofox,AA-2268-PHX-ORD,2:55 p.m.,2:55 p.m.,4:48 p.m.,4:47 p.m.
1717,flightexplorer,UA-2314-ATL-PHL,2:55 p.m.,3:31 p.m.,7:25 p.m.,6:38 p.m.
1718,ifly,UA-2314-ATL-PHL,2:55 p.m.,2:55 p.m.,4:17 p.m.,4:47 p.m.
1719,myrateplan,UA-2314-ATL-PHL,2:55 p.m.,2:55 p.m.,10:40 a.m.,1:15 p.m.
1721,panynj,UA-2314-ATL-PHL,2:55 p.m.,3:01 p.m.,5:00 p.m.,4:47 p.m.
1723,orbitz,UA-2314-ATL-PHL,2:55 p.m.,7:21 a.m.,5:00 p.m.,8:45 a.m.
1726,airtravelcenter,CO-1088-CLE-IAH,4:25 p.m.,4:25 p.m.,12:29 a.m.,12:29 a.m.
1729,businesstravellogue,AA-400-DFW-JFK,4:25 p.m.,7:21 a.m.,12:29 a.m.,12:21 a.m.
1730,gofox,UA-233-LAX-JFK,4:25 p.m.,4:25 p.m.,12:29 a.m.,11:01 a.m.
1731,flightaware,AA-1221-MCO-ORD,4:25 p.m.,7:39 a.m.,12:29 a.m.,12:29 a.m.
1734,flightstats,UA-233-LAX-JFK,4:25 p.m.,2:48 p.m.,12:29 a.m.,10:29 p.m.
1737,businesstravellogue,AA-1544-SAN-ORD,4:25 p.m.,2:10 p.m.,2:20 p.m.,12:29 a.m.
1741,flightview,AA-3859-IAH-ORD,4:25 p.m.,1:32 p.m.,12:29 a.m.,12:29 a.m.
1742,myrateplan,UA-233-LAX-JFK,4:25 p.m.,7:39 a.m.,12:29 a.m.,3:13 p.m.
1746,quicktrip,UA-233-LAX-JFK,4:25 p.m.,11:55 a.m.,12:29 a.m.,12:29 a.m.
1750,weather,CO-1561-PHX-IAH,4:25 p.m.,3:27 p.m.,12:29 a.m.,10:29 p.m.
1751,flylouisville,UA-233-LAX-JFK,4:25 p.m.,4:25 p.m.,12:29 a.m.,7:17 a.m.
1753,flylouisville,AA-3-JFK-LAX,12:57 p.m.,8:25 p.m.,5:15 p.m.,5:26 a.m.
1754,allegiantair,AA-3842-MSP-ORD,12:57 p.m.,7:30 a.m.,10:54 a.m.,1:40 p.m.
1756,flylouisville,AA-4330-CVG-ORD,12:57 p.m.,1:32 p.m.,5:35 a.m.,10:30 p.m.
1759,foxbusiness,UA-248-PHX-ORD,12:57 p.m.,7:22 a.m.,11:19 a.m.,5:34 p.m.
1760,orbitz,UA-248-PHX-ORD,12:57 p.m.,1:32 p.m.,9:55 a.m.,5:34 p.m.
1761,flylouisville,AA-2312-DFW-DTW,12:57 p.m.,1:32 p.m.,7:30 a.m.,5:34 p.m.
1762,flytecomm,CO-1193-EWR-MCO,12:57 p.m.,3:01 p.m.,11:53 a.m.,3:16 p.m.
1768,boston,AA-3979-CVG-ORD,12:57 p.m.,1:32 p.m.,5:15 p.m.,5:34 p.m.
1776,flytecomm,UA-248-PHX-ORD,7:05 a.m.,7:05 a.m.,7:03 p.m.,9:52 p.m.
1778,helloflight,UA-2515-DFW-CLT,7:05 a.m.,7:05 a.m.,11:50 a.m.,7:25 p.m.
1782,flytecomm,UA-2515-DFW-CLT,7:05 a.m.,1:32 p.m.,4:31 p.m.,10:47 a.m.
1784,flylouisville,UA-2704-DTW-PHX,7:05 a.m.,8:25 p.m.,12:10 p.m.,10:47 a.m.
1785,travelocity,UA-2515-DFW-CLT,7:05 a.m.,5:08 p.m.,10:31 a.m.,10:47 a.m.
1786,myrateplan,UA-2515-DFW-CLT,7:05 a.m.,4:12 p.m.,10:31 a.m.,9:20 p.m.
1788,helloflight,CO-1614-LAX-IAH,7:05 a.m.,1:32 p.m.,10:31 a.m.,10:47 a.m.
1790,quicktrip,UA-2515-DFW-CLT,7:05 a.m.,11:08 p.m.,1:40 p.m.,4:47 p.m.
1792,ua,AA-4198-ORD-CLE,7:05 a.m.,3:36 p.m.,6:44 p.m.,12:29 a.m.
1794,aa,AA-4307-ORD-DTW,2:30 p.m.,2:26 p.m.,6:15 p.m.,1:27 p.m.
1795,panynj,AA-643-MIA-ORD,2:30 p.m.,2:26 p.m.,9:43 a.m.,3:14 p.m.
1796,boston,UA-257-JFK-SFO,2:30 p.m.,1:32 p.m.,6:15 p.m.,5:42 p.m.
1797,businesstravellogue,AA-1886-BOS-MIA,2:30 p.m.,7:15 p.m.,6:15 p.m.,7:25 p.m.
1798,orbitz,UA-257-JFK-SFO,2:30 p.m.,7:27 a.m.,11:50 a.m.,5:42 p.m.
1801,flights,UA-233-LAX-JFK,2:30 p.m.,2:26 p.m.,12:10 p.m.,1:40 p.m.
1806,flytecomm,CO-1614-LAX-IAH,2:30 p.m.,11:55 a.m.,6:15 p.m.,5:42 p.m.
1808,airtravelcenter,UA-3373-IAD-PHL,2:30 p.m.,2:26 p.m.,9:24 a.m.,3:14 p.m.
1809,myrateplan,UA-257-JFK-SFO,2:30 p.m.,9:14 a.m.,6:15 p.m.,6:28 p.m.
1811,businesstravellogue,UA-257-JFK-SFO,2:30 p.m.,2:26 p.m.,6:15 p.m.,7:51 a.m.
1816,ua,UA-257-JFK-SFO,2:30 p.m.,2:26 p.m.,6:15 p.m.,2:00 p.m.
1818,wunderground,UA-257-JFK-SFO,2:30 p.m.,6:30 p.m.,6:15 p.m.,9:31 a.m.
1819,panynj,CO-63-EWR-IAH,2:30 p.m.,8:04 a.m.,12:29 a.m.,6:34 p.m.
1820,flightarrival,UA-2704-DTW-PHX,2:30 p.m.,2:26 p.m.,6:15 p.m.,5:42 p.m.
1824,businesstravellogue,UA-2704-DTW-PHX,11:15 a.m.,11:15 a.m.,1:16 p.m.,2:00 p.m.
1825,flightwise,UA-2704-DTW-PHX,11:15 a.m.,3:58 p.m.,1:40 p.m.,2:00 p.m.
1830,weather,UA-2704-DTW-PHX,11:15 a.m.,12:41 a.m.,1:40 p.m.,9:53 p.m.
1831,foxbusiness,UA-2704-DTW-PHX,11:15 a.m.,8:29 a.m.,4:31 p.m.,10:30 p.m.
1833,businesstravellogue,CO-1090-BOS-IAH,11:15 a.m.,11:15 a.m.,7:03 p.m.,6:15 p.m.
1834,flylouisville,UA-2704-DTW-PHX,11:15 a.m.,11:15 a.m.,1:40 p.m.,6:55 a.m.
1835,orbitz,CO-1088-CLE-IAH,11:15 a.m.,11:15 a.m.,3:30 p.m.,6:34 p.m.
1838,flytecomm,UA-2704-DTW-PHX,11:15 a.m.,11:15 a.m.,12:35 p.m.,5:26 p.m.
1843,panynj,UA-2515-DFW-CLT,2:55 p.m.,12:41 p.m.,9:55 a.m.,4:44 p.m.
1844,boston,UA-2708-EWR-CLT,2:55 p.m.,3:27 p.m.,3:50 p.m.,6:15 p.m.
1848,businesstravellogue,CO-1090-BOS-IAH,2:55 p.m.,2:55 p.m.,9:45 p.m.,4:44 p.m.
1857,flightstats,UA-2708-EWR-CLT,2:55 p.m.,11:08 p.m.,4:53 p.m.,4:44 p.m.
1859,ua,CO-45-EWR-MIA,2:55 p.m.,2:55 p.m.,8:05 p.m.,4:44 p.m.
1860,usatoday,AA-4198-ORD-CLE,2:55 p.m.,2:26 p.m.,5:11 a.m.,3:16 p.m.
1867,helloflight,UA-858-PVG-SFO,4:00 p.m.,12:10 p.m.,7:53 p.m.,6:28 p.m.
1869,orbitz,UA-2726-FLL-PHL,4:00 p.m.,4:00 p.m.,6:46 p.m.,6:28 p.m.
1871,myrateplan,UA-2726-FLL-PHL,4:00 p.m.,8:25 p.m.,6:46 p.m.,6:28 p.m.
1873,flightview,UA-2726-FLL-PHL,4:00 p.m.,4:00 p.m.,6:46 p.m.,5:42 p.m.
1876,orbitz,AA-3468-CVG-MIA,4:00 p.m.,7:30 a.m.,6:46 p.m.,3:04 p.m.
1877,panynj,AA-2268-PHX-ORD,4:00 p.m.,6:10 a.m.,6:46 p.m.,3:04 p.m.
1878,panynj,UA-858-PVG-SFO,4:00 p.m.,3:36 p.m.,6:46 p.m.,6:34 p.m.
1881,ua,UA-397-JFK-SFO,4:00 p.m.,8:25 p.m.,6:46 p.m.,10:47 a.m.
1882,weather,UA-2726-FLL-PHL,4:00 p.m.,4:00 p.m.,9:54 a.m.,1:15 p.m.
1883,flightstats,UA-2726-FLL-PHL,4:00 p.m.,8:26 a.m.,6:46 p.m.,6:28 p.m.
1884,flightaware,UA-2726-FLL-PHL,4:00 p.m.,7:22 a.m.,12:35 p.m.,9:43 a.m.
1888,businesstravellogue,UA-2830-MCO-CLT,3:27 p.m.,7:22 a.m.,4:53 p.m.,5:17 p.m.
1889,flights,UA-2830-MCO-CLT,3:27 p.m.,7:14 p.m.,12:55 p.m.,11:50 p.m.
1890,flightstats,UA-2830-MCO-CLT,3:27 p.m.,2:10 p.m.,5:05 p.m.,5:05 p.m.
1891,flightview,CO-1250-MIA-IAH,3:27 p.m.,3:27 p.m.,5:05 p.m.,6:34 p.m.
1895,flightexplorer,UA-664-ORD-PHL,3:27 p.m.,3:27 p.m.,3:30 p.m.,5:17 p.m.
1897,wunderground,UA-2830-MCO-CLT,3:27 p.m.,3:27 p.m.,12:15 a.m.,5:17 p.m.
1898,mytripandmore,UA-37-EDI-EWR,3:27 p.m.,11:08 p.m.,5:05 p.m.,4:56 p.m.
1900,flightview,CO-4888-IAH-DAL,3:27 p.m.,7:31 a.m.,2:15 p.m.,5:05 p.m.
1901,quicktrip,UA-2830-MCO-CLT,3:27 p.m.,7:22 a.m.,1:16 p.m.,11:12 a.m.
1902,travelocity,UA-2906-PHL-MCO,3:27 p.m.,11:30 a.m.,6:55 a.m.,5:17 p.m.
1905,world-flight-tracker,CO-1614-LAX-IAH,3:27 p.m.,3:27 p.m.,9:45 p.m.,7:25 p.m.
1911,flightaware,AA-4344-ORD-DTW,3:50 p.m.,4:12 p.m.,6:23 p.m.,6:38 p.m.
1913,flightstats,UA-2906-PHL-MCO,3:50 p.m.,4:28 p.m.,6:23 p.m.,9:32 a.m.
1918,orbitz,UA-828-SFO-ORD,3:50 p.m.,1:32 p.m.,6:23 p.m.,6:38 p.m.
1923,panynj,CO-1694-LAX-IAH,3:50 p.m.,7:21 a.m.,6:23 p.m.,1:27 p.m.
1925,travelocity,AA-616-DFW-DTW,3:50 p.m.,8:25 p.m.,6:23 p.m.,7:10 p.m.
1927,weather,UA-382-IAD-LAX,3:50 p.m.,8:52 a.m.,6:23 p.m.,6:38 p.m.
1929,wunderground,AA-3786-IAH-ORD,3:50 p.m.,10:54 a.m.,3:30 p.m.,12:21 a.m.
1931,allegiantair,UA-2945-PHL-CLT,12:00 a.m.,3:11 a.m.,10:34 a.m.,11:06 a.m.
1933,world-flight-tracker,UA-2945-PHL-CLT,12:00 a.m.,11:25 p.m.,1:45 p.m.,1:15 p.m.
1941,flytecomm,AA-2312-DFW-DTW,12:00 a.m.,1:32 p.m.,1:45 p.m.,1:15 p.m.
1943,flylouisville,UA-2945-PHL-CLT,12:00 a.m.,3:11 a.m.,6:46 p.m.,1:15 p.m.
1944,ifly,UA-233-LAX-JFK,12:00 a.m.,3:11 a.m.,1:45 p.m.,7:51 a.m.
1947,airtravelcenter,UA-2945-PHL-CLT,12:00 a.m.,3:36 p.m.,7:45 a.m.,1:15 p.m.
1949,foxbusiness,CO-47-IAH-LAX,12:00 a.m.,7:16 a.m.,1:45 p.m.,8:53 p.m.
1954,businesstravellogue,UA-3050-PHX-CLT,11:05 a.m.,11:30 a.m.,4:57 p.m.,6:43 p.m.
1956,boston,UA-3050-PHX-CLT,11:05 a.m.,12:13 p.m.,4:57 p.m.,5:05 p.m.
1961,businesstravellogue,UA-3099-PHX-PHL,11:05 a.m.,11:30 a.m.,4:57 p.m.,11:50 p.m.
1962,flightwise,UA-62-IAH-EWR,11:05 a.m.,7:22 a.m.,5:15 p.m.,10:04 a.m.
1963,airtravelcenter,UA-3050-PHX-CLT,11:05 a.m.,8:25 p.m.,7:03 p.m.,5:05 p.m.
1965,airtravelcenter,UA-3050-PHX-CLT,11:05 a.m.,3:31 p.m.,4:57 p.m.,5:05 p.m.
1967,helloflight,AA-484-DFW-MIA,11:05 a.m.,11:30 a.m.,4:57 p.m.,9:53 p.m.
1968,foxbusiness,AA-4330-CVG-ORD,11:05 a.m.,9:14 a.m.,4:57 p.m.,5:05 p.m.
1972,flylouisville,UA-3050-PHX-CLT,11:05 a.m.,11:30 a.m.,4:57 p.m.,3:33 p.m.
1974,travelocity,UA-3050-PHX-CLT,11:05 a.m.,11:30 a.m.,5:11 a.m.,7:51 a.m.
1975,usatoday,UA-3050-PHX-CLT,11:05 a.m.,3:27 p.m.,9:45 p.m.,1:43 p.m.
1976,aa,AA-1640-MIA-MCO,11:05 a.m.,11:01 a.m.,2:15 p.m.,8:45 a.m.
1977,world-flight-tracker,UA-3050-PHX-CLT,11:05 a.m.,2:10 p.m.,4:57 p.m.,4:59 p.m.
1978,flightview,UA-3050-PHX-CLT,11:05 a.m.,11:30 a.m.,4:57 p.m.,5:05 p.m.
1983,flightaware,AA-1886-BOS-MIA,11:55 a.m.,3:01 p.m.,6:17 p.m.,6:38 p.m.
1984,flights,UA-3925-IAD-ORF,11:55 a.m.,11:55 a.m.,10:06 a.m.,5:38 p.m.
1985,flightstats,AA-466-IAH-MIA,11:55 a.m.,11:01 a.m.,8:27 a.m.,9:13 a.m.
1988,flightview,CO-1561-PHX-IAH,11:55 a.m.,11:55 a.m.,2:25 p.m.,10:36 a.m.
1993,flightexplorer,AA-271-MIA-LAX,11:55 a.m.,11:55 a.m.,2:59 p.m.,2:10 p.m.
1994,aa,AA-2312-DFW-DTW,11:55 a.m.,11:55 a.m.,9:20 a.m.,8:02 a.m.
1996,orbitz,UA-3099-PHX-PHL,11:55 a.m.,7:58 p.m.,6:17 p.m.,11:06 a.m.
1997,allegiantair,UA-3099-PHX-PHL,11:55 a.m.,11:55 a.m.,9:35 a.m.,5:38 p.m.
1998,flightview,UA-828-SFO-ORD,11:55 a.m.,10:18 a.m.,2:00 p.m.,5:38 p.m.
2003,allegiantair,CO-16-LAX-EWR,8:29 a.m.,8:00 a.m.,5:05 p.m.,6:15 p.m.
2004,travelocity,AA-3786-IAH-ORD,8:29 a.m.,8:26 a.m.,9:24 a.m.,10:29 p.m.
2007,flightexplorer,AA-415-BOS-ORD,8:29 a.m.,8:26 a.m.,11:50 a.m.,9:45 a.m.
2010,panynj,UA-3373-IAD-PHL,8:29 a.m.,3:36 p.m.,9:24 a.m.,9:13 a.m.
2011,foxbusiness,AA-400-DFW-JFK,8:29 a.m.,2:10 p.m.,9:24 a.m.,9:13 a.m.
2013,flights,CO-89-IAH-EWR,8:29 a.m.,3:27 p.m.,4:48 p.m.,2:00 p.m.
2016,ifly,UA-37-EDI-EWR,8:29 a.m.,8:26 a.m.,9:24 a.m.,2:00 p.m.
2017,myrateplan,UA-2704-DTW-PHX,8:29 a.m.,12:11 p.m.,11:10 a.m.,9:13 a.m.
2020,quicktrip,UA-3373-IAD-PHL,8:29 a.m.,7:25 a.m.,9:24 a.m.,9:13 a.m.
2023,usatoday,UA-3373-IAD-PHL,8:29 a.m.,8:26 a.m.,9:24 a.m.,12:09 p.m.
2028,businesstravellogue,UA-257-JFK-SFO,8:15 a.m.,8:12 a.m.,10:06 a.m.,9:56 a.m.
2029,flights,AA-2268-PHX-ORD,8:15 a.m.,8:12 a.m.,10:06 a.m.,9:28 a.m.
2031,flightview,CO-63-EWR-IAH,8:15 a.m.,12:41 p.m.,9:21 a.m.,11:32 a.m.
2033,businesstravellogue,UA-3515-IAD-MSP,8:15 a.m.,3:01 p.m.,11:45 a.m.,1:15 p.m.
2034,foxbusiness,AA-2312-DFW-DTW,8:15 a.m.,7:16 a.m.,10:06 a.m.,9:56 a.m.
2038,gofox,UA-3515-IAD-MSP,8:15 a.m.,8:04 a.m.,6:40 p.m.,8:02 a.m.
2041,travelocity,UA-3515-IAD-MSP,8:15 a.m.,1:31 p.m.,4:00 p.m.,9:56 a.m.
2043,usatoday,UA-858-PVG-SFO,8:15 a.m.,7:39 a.m.,7:53 p.m.,9:56 a.m.
2044,flightexplorer,AA-3842-MSP-ORD,8:15 a.m.,8:25 p.m.,10:06 a.m.,9:56 a.m.
2046,foxbusiness,UA-37-EDI-EWR,9:05 a.m.,8:52 a.m.,11:53 a.m.,7:58 p.m.
2047,usatoday,UA-37-EDI-EWR,9:05 a.m.,8:52 a.m.,9:24 a.m.,12:09 p.m.
